Collection Date,Sample Site,Strain,Strain ID,Resistance Genes,Gene Expression Levels,MLST,Genome Coverage,Sample Quality Score,Sequencing Platform,Growth Media,Library Prep Protocol,Incubation Time [HR]
2024-04-30,CSF,Mycobacterium tuberculosis var. bovis AF2122/97,bTB-R1,['aac(2\\)-Ic'],{'aac(2\\)-Ic': 787.28},ST28,93.75,39.85,Illumina MiSeq,Lowenstein-Jensen,Nextera XT,23
2024-09-13,Blood,Mycobacterium tuberculosis var. bovis AF2122/97,bTB-R1,['aac(2\\)-Ic'],{'aac(2\\)-Ic': 920.19},ST43,97.4,30.57,PacBio,Middlebrook agar,Ligation Sequencing Kit,19
2024-07-22,Lung Biopsy,Klebsiella pneumoniae,KPN-R1,"['blaCTX-M', 'blaKPC']","{'blaCTX-M': 91.16, 'blaKPC': 660.8}",ST30,91.19,38.9,Illumina MiSeq,Middlebrook agar,Nextera XT,30
2024-10-12,Blood,Mycobacterium tuberculosis var. bovis AF2122/97,bTB-R1,['aac(2\\)-Ic'],{'aac(2\\)-Ic': 624.95},ST46,93.13,37.52,PacBio,Middlebrook agar,TruSeq DNA,32
2024-07-20,Blood,Pseudomonas aeruginosa,PAE-R1,['oprD'],{'oprD': 932.44},ST18,91.56,38.34,Illumina MiSeq,7H9 broth,TruSeq DNA,27
2024-10-16,Lung Biopsy,Mycobacterium tuberculosis var. bovis AF2122/97,bTB-R1,['aac(2\\)-Ic'],{'aac(2\\)-Ic': 258.61},ST13,92.02,36.34,PacBio,7H9 broth,Ligation Sequencing Kit,28
2024-04-26,Sputum,Escherichia coli,ECOLI-1,['blaCTX-M'],{'blaCTX-M': 836.25},ST19,94.37,37.06,PacBio,Lowenstein-Jensen,Nextera XT,41
2024-11-20,Blood,Methicillin-Resistant Staphylococcus aureus,MRSA-R1,['mecA'],{'mecA': 976.44},ST36,96.6,33.54,Oxford Nanopore,7H9 broth,Ligation Sequencing Kit,25
2024-08-10,CSF,Escherichia coli,ECOLI-R2,"['blaCTX-M', 'blaKPC']","{'blaCTX-M': 818.42, 'blaKPC': 465.7}",ST24,97.8,31.08,PacBio,7H9 broth,TruSeq DNA,23
2024-09-02,Blood,Mycobacterium tuberculosis var. bovis AF2122/97,bTB-R1,['aac(2\\)-Ic'],{'aac(2\\)-Ic': 37.32},ST26,93.96,39.81,Oxford Nanopore,Lowenstein-Jensen,Ligation Sequencing Kit,34
2024-03-11,CSF,Mycobacterium tuberculosis var. bovis AF2122/97,bTB-R1,['aac(2\\)-Ic'],{'aac(2\\)-Ic': 711.7},ST10,91.14,39.0,Oxford Nanopore,Lowenstein-Jensen,Ligation Sequencing Kit,34
2024-07-01,Sputum,Pseudomonas aeruginosa,PAE-R2,"['mexA', 'oprD']","{'mexA': 426.24, 'oprD': 940.96}",ST21,91.23,39.0,PacBio,Lowenstein-Jensen,Ligation Sequencing Kit,45
2024-10-20,Blood,Mycobacterium tuberculosis var. bovis AF2122/97,bTB-R1,['aac(2\\)-Ic'],{'aac(2\\)-Ic': 795.8},ST20,94.6,34.42,PacBio,Middlebrook agar,Ligation Sequencing Kit,28
2024-04-13,Blood,Mycobacterium tuberculosis var. bovis AF2122/97,bTB-R1,['aac(2\\)-Ic'],{'aac(2\\)-Ic': 615.16},ST14,91.97,30.24,PacBio,Lowenstein-Jensen,Nextera XT,43
2024-07-28,CSF,Escherichia coli,ECOLI-R3,"['blaCTX-M', 'blaKPC']","{'blaCTX-M': 806.07, 'blaKPC': 698.95}",ST45,90.05,37.51,Illumina MiSeq,7H9 broth,Ligation Sequencing Kit,40
2024-09-12,CSF,Mycobacterium tuberculosis var. bovis AF2122/97,bTB-R1,['aac(2\\)-Ic'],{'aac(2\\)-Ic': 907.79},ST38,97.48,34.43,PacBio,Middlebrook agar,TruSeq DNA,48
2024-10-22,Lung Biopsy,Mycobacterium tuberculosis var. bovis AF2122/97,bTB-R1,['aac(2\\)-Ic'],{'aac(2\\)-Ic': 342.49},ST44,92.37,34.4,Oxford Nanopore,Middlebrook agar,TruSeq DNA,38
2024-05-22,CSF,Methicillin-Resistant Staphylococcus aureus,MRSA-2,"['blaCTX-M', 'blaKPC']","{'blaCTX-M': 395.58, 'blaKPC': 772.1}",ST11,94.04,35.43,PacBio,7H9 broth,Nextera XT,31
2024-09-09,Blood,Klebsiella pneumoniae,KPN-R2,"['blaCTX-M', 'blaKPC']","{'blaCTX-M': 490.79, 'blaKPC': 394.97}",ST35,95.41,36.03,Oxford Nanopore,Middlebrook agar,Ligation Sequencing Kit,41
2024-08-16,Sputum,Mycobacterium tuberculosis var. bovis AF2122/97,bTB-R1,['aac(2\\)-Ic'],{'aac(2\\)-Ic': 267.55},ST30,96.36,31.36,PacBio,Middlebrook agar,Nextera XT,20
2024-08-22,CSF,Pseudomonas aeruginosa,PAE-R3,"['mexA', 'oprD']","{'mexA': 957.71, 'oprD': 49.86}",ST25,97.42,30.52,Oxford Nanopore,7H9 broth,TruSeq DNA,18
2024-06-26,Lung Biopsy,Klebsiella pneumoniae,KPN-R3,['blaKPC'],{'blaKPC': 965.07},ST11,96.92,37.67,Illumina MiSeq,Middlebrook agar,Nextera XT,32
2024-11-11,Lung Biopsy,Mycobacterium tuberculosis var. bovis AF2122/97,bTB-R1,['aac(2\\)-Ic'],{'aac(2\\)-Ic': 129.84},ST46,96.9,33.02,PacBio,Middlebrook agar,Nextera XT,21
2024-09-15,Blood,Mycobacterium tuberculosis var. bovis AF2122/97,bTB-R1,['aac(2\\)-Ic'],{'aac(2\\)-Ic': 639.23},ST39,94.16,34.9,PacBio,Lowenstein-Jensen,Nextera XT,45
2024-07-31,Blood,Mycobacterium tuberculosis var. bovis AF2122/97,bTB-R1,['aac(2\\)-Ic'],{'aac(2\\)-Ic': 95.8},ST38,97.24,32.68,Oxford Nanopore,Lowenstein-Jensen,TruSeq DNA,44
2024-03-13,Sputum,Mycobacterium tuberculosis var. bovis AF2122/97,bTB-R1,['aac(2\\)-Ic'],{'aac(2\\)-Ic': 283.51},ST10,97.9,33.4,Illumina MiSeq,Lowenstein-Jensen,Nextera XT,29
2024-06-09,CSF,Escherichia coli,ECOLI-4,['aac(3)-IIa'],{'aac(3)-IIa': 667.32},ST45,97.05,34.48,Illumina MiSeq,Middlebrook agar,TruSeq DNA,38
2024-08-14,CSF,Mycobacterium tuberculosis var. bovis AF2122/97,bTB-R1,['aac(2\\)-Ic'],{'aac(2\\)-Ic': 693.26},ST22,91.91,31.2,Oxford Nanopore,7H9 broth,Nextera XT,41
2024-07-06,Blood,Mycobacterium tuberculosis var. bovis AF2122/97,bTB-R1,['aac(2\\)-Ic'],{'aac(2\\)-Ic': 974.55},ST45,92.99,37.08,Oxford Nanopore,7H9 broth,TruSeq DNA,23
2024-10-26,Sputum,Mycobacterium tuberculosis var. bovis AF2122/97,bTB-R1,['aac(2\\)-Ic'],{'aac(2\\)-Ic': 74.69},ST41,91.83,30.51,Oxford Nanopore,Lowenstein-Jensen,TruSeq DNA,28
2024-04-27,Blood,Mycobacterium tuberculosis var. bovis AF2122/97,bTB-R1,['aac(2\\)-Ic'],{'aac(2\\)-Ic': 909.42},ST29,95.9,36.18,Illumina MiSeq,Middlebrook agar,TruSeq DNA,37
2024-10-27,Sputum,Escherichia coli,ECOLI-5,"['aac(3)-IIa', 'blaCTX-M']","{'aac(3)-IIa': 239.16, 'blaCTX-M': 709.89}",ST39,90.8,32.4,PacBio,7H9 broth,TruSeq DNA,39
2024-07-08,Lung Biopsy,Mycobacterium tuberculosis var. bovis AF2122/97,bTB-R1,['aac(2\\)-Ic'],{'aac(2\\)-Ic': 794.7},ST48,98.99,38.27,PacBio,7H9 broth,Ligation Sequencing Kit,22
2024-10-17,Blood,Mycobacterium tuberculosis var. bovis AF2122/97,bTB-R1,['aac(2\\)-Ic'],{'aac(2\\)-Ic': 607.68},ST11,94.33,35.98,Oxford Nanopore,Middlebrook agar,Ligation Sequencing Kit,33
2024-04-06,Blood,Mycobacterium tuberculosis var. bovis AF2122/97,bTB-R1,['aac(2\\)-Ic'],{'aac(2\\)-Ic': 816.1},ST15,94.38,32.78,Illumina MiSeq,Lowenstein-Jensen,Ligation Sequencing Kit,38
2024-10-18,Blood,Mycobacterium tuberculosis var. bovis AF2122/97,bTB-R1,['aac(2\\)-Ic'],{'aac(2\\)-Ic': 554.6},ST39,94.91,36.63,Illumina MiSeq,Lowenstein-Jensen,TruSeq DNA,40
2024-04-20,Sputum,Mycobacterium tuberculosis var. bovis AF2122/97,bTB-R1,['aac(2\\)-Ic'],{'aac(2\\)-Ic': 626.41},ST41,95.37,34.13,PacBio,7H9 broth,Ligation Sequencing Kit,45
2024-04-10,Lung Biopsy,Klebsiella pneumoniae,KPN-R4,['blaOXA-48'],{'blaOXA-48': 102.28},ST17,99.63,36.09,PacBio,Lowenstein-Jensen,Nextera XT,18
2024-06-11,Blood,Methicillin-Resistant Staphylococcus aureus,MRSA-3,['mecA'],{'mecA': 283.48},ST36,92.41,35.51,Oxford Nanopore,Lowenstein-Jensen,TruSeq DNA,33
2024-08-05,Blood,Pseudomonas aeruginosa,PAE-R4,"['oprD', 'mexA']","{'oprD': 870.91, 'mexA': 980.97}",ST34,91.47,35.39,PacBio,Middlebrook agar,TruSeq DNA,45
2024-04-21,CSF,Mycobacterium tuberculosis var. bovis AF2122/97,bTB-R1,['aac(2\\)-Ic'],{'aac(2\\)-Ic': 338.67},ST16,94.9,30.37,Oxford Nanopore,Middlebrook agar,Ligation Sequencing Kit,22
2024-06-23,Sputum,Pseudomonas aeruginosa,PAE-R5,['oprD'],{'oprD': 853.82},ST34,94.65,39.69,Oxford Nanopore,Middlebrook agar,Nextera XT,20
2024-05-25,Sputum,Escherichia coli,ECOLI-R6,['blaCTX-M'],{'blaCTX-M': 331.13},ST32,90.89,39.78,PacBio,Lowenstein-Jensen,Nextera XT,41
2024-08-06,CSF,Mycobacterium tuberculosis var. bovis AF2122/97,bTB-R1,['aac(2\\)-Ic'],{'aac(2\\)-Ic': 913.7},ST19,96.03,33.83,Illumina MiSeq,7H9 broth,Nextera XT,20
2024-07-27,Blood,Mycobacterium tuberculosis var. bovis AF2122/97,bTB-R1,['aac(2\\)-Ic'],{'aac(2\\)-Ic': 306.16},ST37,91.56,34.42,Oxford Nanopore,Lowenstein-Jensen,Ligation Sequencing Kit,35
2024-03-23,CSF,Pseudomonas aeruginosa,PAE-6,"['oprD', 'mexA']","{'oprD': 570.27, 'mexA': 688.94}",ST13,93.55,32.96,Illumina MiSeq,7H9 broth,TruSeq DNA,36
2024-11-12,Blood,Mycobacterium tuberculosis var. bovis AF2122/97,bTB-R1,['aac(2\\)-Ic'],{'aac(2\\)-Ic': 631.97},ST50,97.48,37.67,Illumina MiSeq,Middlebrook agar,TruSeq DNA,39
2024-07-16,Blood,Mycobacterium tuberculosis var. bovis AF2122/97,bTB-R1,['aac(2\\)-Ic'],{'aac(2\\)-Ic': 372.2},ST42,94.11,32.01,Illumina MiSeq,Lowenstein-Jensen,TruSeq DNA,41
2024-05-29,CSF,Mycobacterium tuberculosis var. bovis AF2122/97,bTB-R1,['aac(2\\)-Ic'],{'aac(2\\)-Ic': 726.97},ST35,99.53,31.41,PacBio,Lowenstein-Jensen,Nextera XT,32
2024-04-05,Blood,Mycobacterium tuberculosis var. bovis AF2122/97,bTB-R1,['aac(2\\)-Ic'],{'aac(2\\)-Ic': 117.26},ST24,96.66,35.85,Oxford Nanopore,Lowenstein-Jensen,Ligation Sequencing Kit,41
2024-05-02,Lung Biopsy,Escherichia coli,ECOLI-R7,"['blaCTX-M', 'aac(3)-IIa']","{'blaCTX-M': 242.45, 'aac(3)-IIa': 542.17}",ST33,96.43,31.17,PacBio,Lowenstein-Jensen,Ligation Sequencing Kit,27
2024-05-28,Sputum,Mycobacterium tuberculosis var. bovis AF2122/97,bTB-R1,['aac(2\\)-Ic'],{'aac(2\\)-Ic': 856.9},ST16,96.83,32.17,PacBio,Lowenstein-Jensen,TruSeq DNA,19
2024-08-19,Blood,Mycobacterium tuberculosis var. bovis AF2122/97,bTB-R1,['aac(2\\)-Ic'],{'aac(2\\)-Ic': 340.17},ST18,96.35,35.97,Oxford Nanopore,7H9 broth,Ligation Sequencing Kit,24
2024-06-20,Lung Biopsy,Klebsiella pneumoniae,KPN-R5,['blaKPC'],{'blaKPC': 140.49},ST25,92.75,39.84,Oxford Nanopore,7H9 broth,Ligation Sequencing Kit,18
2024-08-11,Sputum,Mycobacterium tuberculosis var. bovis AF2122/97,bTB-R1,['aac(2\\)-Ic'],{'aac(2\\)-Ic': 117.96},ST42,90.63,34.48,Oxford Nanopore,Middlebrook agar,Nextera XT,41
2024-06-19,CSF,Methicillin-Resistant Staphylococcus aureus,MRSA-4,['mecA'],{'mecA': 134.93},ST47,96.79,34.9,Illumina MiSeq,Lowenstein-Jensen,TruSeq DNA,31
2024-08-08,CSF,Mycobacterium tuberculosis var. bovis AF2122/97,bTB-R1,['aac(2\\)-Ic'],{'aac(2\\)-Ic': 222.87},ST38,98.44,36.51,Oxford Nanopore,7H9 broth,Ligation Sequencing Kit,21
2024-10-20,CSF,Mycobacterium tuberculosis var. bovis AF2122/97,bTB-R1,['aac(2\\)-Ic'],{'aac(2\\)-Ic': 479.53},ST15,93.09,32.55,PacBio,7H9 broth,TruSeq DNA,31
2024-11-06,Blood,Mycobacterium tuberculosis var. bovis AF2122/97,bTB-R1,['aac(2\\)-Ic'],{'aac(2\\)-Ic': 874.87},ST37,95.56,33.3,PacBio,7H9 broth,Ligation Sequencing Kit,48
2024-11-19,Sputum,Pseudomonas aeruginosa,PAE-7,['oprD'],{'oprD': 846.7},ST49,92.22,31.08,Illumina MiSeq,7H9 broth,Ligation Sequencing Kit,33
2024-04-14,Blood,Methicillin-Resistant Staphylococcus aureus,MRSA-5,['mecA'],{'mecA': 748.65},ST36,98.61,35.66,Oxford Nanopore,Lowenstein-Jensen,Nextera XT,23
2024-04-29,Blood,Mycobacterium tuberculosis var. bovis AF2122/97,bTB-R1,['aac(2\\)-Ic'],{'aac(2\\)-Ic': 90.77},ST38,90.52,31.57,PacBio,Middlebrook agar,Nextera XT,46
2024-05-14,Blood,Mycobacterium tuberculosis var. bovis AF2122/97,bTB-R1,['aac(2\\)-Ic'],{'aac(2\\)-Ic': 315.34},ST24,92.8,36.78,Illumina MiSeq,Lowenstein-Jensen,TruSeq DNA,21
2024-03-21,Blood,Mycobacterium tuberculosis var. bovis AF2122/97,bTB-R1,['aac(2\\)-Ic'],{'aac(2\\)-Ic': 537.26},ST24,90.08,37.47,Oxford Nanopore,Lowenstein-Jensen,TruSeq DNA,21
2024-06-19,Sputum,Mycobacterium tuberculosis var. bovis AF2122/97,bTB-R1,['aac(2\\)-Ic'],{'aac(2\\)-Ic': 124.02},ST11,94.25,34.04,Oxford Nanopore,7H9 broth,TruSeq DNA,36
2024-10-24,Blood,Mycobacterium tuberculosis var. bovis AF2122/97,bTB-R1,['aac(2\\)-Ic'],{'aac(2\\)-Ic': 229.36},ST20,93.96,30.79,Illumina MiSeq,7H9 broth,TruSeq DNA,36
2024-04-17,Lung Biopsy,Pseudomonas aeruginosa,PAE-8,['mexA'],{'mexA': 951.78},ST39,91.46,31.03,Oxford Nanopore,Middlebrook agar,Ligation Sequencing Kit,44
2024-03-18,CSF,Escherichia coli,ECOLI-R8,['aac(3)-IIa'],{'aac(3)-IIa': 833.38},ST15,92.72,30.56,Oxford Nanopore,Middlebrook agar,TruSeq DNA,43
2024-03-10,Sputum,Escherichia coli,ECOLI-R9,"['blaCTX-M', 'aac(3)-IIa']","{'blaCTX-M': 48.75, 'aac(3)-IIa': 710.55}",ST43,94.71,31.51,PacBio,7H9 broth,TruSeq DNA,37
2024-06-15,Blood,Escherichia coli,ECOLI-R10,"['aac(3)-IIa', 'blaCTX-M']","{'aac(3)-IIa': 726.5, 'blaCTX-M': 660.0}",ST19,97.81,36.47,Oxford Nanopore,Middlebrook agar,Ligation Sequencing Kit,19
2024-03-08,Blood,Mycobacterium tuberculosis var. bovis AF2122/97,bTB-R1,['aac(2\\)-Ic'],{'aac(2\\)-Ic': 793.75},ST18,97.02,30.85,PacBio,Lowenstein-Jensen,Nextera XT,37
2024-10-12,Blood,Mycobacterium tuberculosis var. bovis AF2122/97,bTB-R1,['aac(2\\)-Ic'],{'aac(2\\)-Ic': 163.4},ST28,99.38,34.86,Oxford Nanopore,7H9 broth,Nextera XT,28
2024-07-10,Lung Biopsy,Klebsiella pneumoniae,KPN-R6,"['blaCTX-M', 'blaKPC']","{'blaCTX-M': 370.66, 'blaKPC': 722.39}",ST49,96.86,36.25,Illumina MiSeq,7H9 broth,Nextera XT,44
2024-09-11,Lung Biopsy,Mycobacterium tuberculosis var. bovis AF2122/97,bTB-R1,['aac(2\\)-Ic'],{'aac(2\\)-Ic': 507.88},ST36,95.65,34.41,Illumina MiSeq,Lowenstein-Jensen,Ligation Sequencing Kit,48
2024-06-07,Blood,Escherichia coli,ECOLI-R11,"['aac(3)-IIa', 'blaCTX-M']","{'aac(3)-IIa': 832.74, 'blaCTX-M': 100.8}",ST38,91.02,38.46,Oxford Nanopore,Lowenstein-Jensen,Ligation Sequencing Kit,47
2024-09-22,CSF,Escherichia coli,ECOLI-R12,['blaCTX-M'],{'blaCTX-M': 47.92},ST40,92.22,33.19,Illumina MiSeq,Lowenstein-Jensen,Nextera XT,29
2024-10-07,Sputum,Methicillin-Resistant Staphylococcus aureus,MRSA-6,"['mecA', 'blaZ']","{'mecA': 246.06, 'blaZ': 642.56}",ST14,99.31,36.09,Oxford Nanopore,7H9 broth,Nextera XT,35
2024-03-18,Lung Biopsy,Klebsiella pneumoniae,KPN-R7,"['blaCTX-M', 'blaKPC']","{'blaCTX-M': 974.91, 'blaKPC': 77.0}",ST42,93.49,35.71,Oxford Nanopore,Lowenstein-Jensen,Nextera XT,37
2024-06-15,CSF,Mycobacterium tuberculosis var. bovis AF2122/97,bTB-R1,['aac(2\\)-Ic'],{'aac(2\\)-Ic': 660.53},ST16,90.16,37.89,Oxford Nanopore,Lowenstein-Jensen,TruSeq DNA,41
2024-11-14,Blood,Mycobacterium tuberculosis var. bovis AF2122/97,bTB-R1,['aac(2\\)-Ic'],{'aac(2\\)-Ic': 778.43},ST39,94.74,31.82,Illumina MiSeq,Middlebrook agar,TruSeq DNA,40
2024-06-16,Lung Biopsy,Mycobacterium tuberculosis var. bovis AF2122/97,bTB-R1,['aac(2\\)-Ic'],{'aac(2\\)-Ic': 363.4},ST13,95.38,32.53,Oxford Nanopore,Middlebrook agar,TruSeq DNA,44
2024-10-21,Blood,Mycobacterium tuberculosis var. bovis AF2122/97,bTB-R1,['aac(2\\)-Ic'],{'aac(2\\)-Ic': 799.32},ST27,99.64,34.96,PacBio,Lowenstein-Jensen,TruSeq DNA,28
2024-06-06,Lung Biopsy,Mycobacterium tuberculosis var. bovis AF2122/97,bTB-R1,['aac(2\\)-Ic'],{'aac(2\\)-Ic': 174.98},ST38,96.54,33.06,Oxford Nanopore,7H9 broth,Nextera XT,28
2024-09-20,Blood,Mycobacterium tuberculosis var. bovis AF2122/97,bTB-R1,['aac(2\\)-Ic'],{'aac(2\\)-Ic': 682.62},ST11,96.64,34.06,Oxford Nanopore,Middlebrook agar,Nextera XT,20
2024-10-24,Sputum,Mycobacterium tuberculosis var. bovis AF2122/97,bTB-R1,['aac(2\\)-Ic'],{'aac(2\\)-Ic': 377.25},ST38,95.62,36.05,Oxford Nanopore,Lowenstein-Jensen,TruSeq DNA,48
2024-07-09,CSF,Methicillin-Resistant Staphylococcus aureus,MRSA-R7,"['mecA', 'blaZ']","{'mecA': 777.21, 'blaZ': 707.0}",ST49,97.28,34.99,Oxford Nanopore,7H9 broth,Nextera XT,18
2024-07-07,Lung Biopsy,Mycobacterium tuberculosis var. bovis AF2122/97,bTB-R1,['aac(2\\)-Ic'],{'aac(2\\)-Ic': 712.45},ST45,99.87,38.11,Oxford Nanopore,7H9 broth,Ligation Sequencing Kit,32
2024-04-07,Lung Biopsy,Mycobacterium tuberculosis var. bovis AF2122/97,bTB-R1,['aac(2\\)-Ic'],{'aac(2\\)-Ic': 558.48},ST33,97.84,32.37,PacBio,7H9 broth,Nextera XT,24
2024-08-31,Blood,Escherichia coli,ECOLI-13,"['mecA', 'blaZ']","{'mecA': 83.42, 'blaZ': 471.17}",ST18,97.61,38.23,PacBio,Lowenstein-Jensen,Ligation Sequencing Kit,31
2024-06-30,Sputum,Klebsiella pneumoniae,KPN-R8,"['blaKPC', 'blaOXA-48']","{'blaKPC': 204.34, 'blaOXA-48': 956.79}",ST50,91.6,39.35,PacBio,7H9 broth,TruSeq DNA,23
2024-11-09,Lung Biopsy,Mycobacterium tuberculosis var. bovis AF2122/97,bTB-R1,['aac(2\\)-Ic'],{'aac(2\\)-Ic': 865.14},ST15,97.13,36.05,Illumina MiSeq,7H9 broth,Ligation Sequencing Kit,37
2024-07-03,CSF,Mycobacterium tuberculosis var. bovis AF2122/97,bTB-R1,['aac(2\\)-Ic'],{'aac(2\\)-Ic': 809.28},ST35,92.87,39.57,Illumina MiSeq,Lowenstein-Jensen,Ligation Sequencing Kit,35
2024-07-19,Sputum,Pseudomonas aeruginosa,PAE-R9,"['mexA', 'oprD']","{'mexA': 519.83, 'oprD': 115.12}",ST17,93.37,31.44,Oxford Nanopore,Lowenstein-Jensen,TruSeq DNA,24
2024-06-28,Sputum,Pseudomonas aeruginosa,PAE-R10,['mexA'],{'mexA': 503.28},ST41,99.53,39.02,Oxford Nanopore,Middlebrook agar,TruSeq DNA,25
2024-05-10,CSF,Methicillin-Resistant Staphylococcus aureus,MRSA-R8,"['mecA', 'blaZ']","{'mecA': 116.42, 'blaZ': 142.6}",ST33,90.48,32.81,Illumina MiSeq,7H9 broth,Ligation Sequencing Kit,29
2024-05-29,Sputum,Pseudomonas aeruginosa,PAE-R11,['mexA'],{'mexA': 975.33},ST31,90.73,35.04,Illumina MiSeq,Lowenstein-Jensen,Ligation Sequencing Kit,27
2024-07-02,CSF,Methicillin-Resistant Staphylococcus aureus,MRSA-9,['blaZ'],{'blaZ': 932.06},ST35,93.3,34.74,Illumina MiSeq,7H9 broth,Nextera XT,40
2024-08-08,CSF,Methicillin-Resistant Staphylococcus aureus,MRSA-R10,['blaZ'],{'blaZ': 272.88},ST47,93.28,31.1,Oxford Nanopore,Lowenstein-Jensen,Nextera XT,29
2024-05-06,CSF,Mycobacterium tuberculosis var. bovis AF2122/97,bTB-R1,['aac(2\\)-Ic'],{'aac(2\\)-Ic': 159.92},ST23,96.94,31.91,Illumina MiSeq,7H9 broth,Ligation Sequencing Kit,48
2024-07-03,Lung Biopsy,Klebsiella pneumoniae,KPN-R9,"['blaOXA-48', 'blaKPC']","{'blaOXA-48': 200.34, 'blaKPC': 254.05}",ST24,95.2,33.14,PacBio,Lowenstein-Jensen,Ligation Sequencing Kit,33
2024-07-24,CSF,Methicillin-Resistant Staphylococcus aureus,MRSA-R11,"['mecA', 'blaZ']","{'mecA': 51.65, 'blaZ': 955.76}",ST38,92.85,35.73,Oxford Nanopore,Middlebrook agar,Ligation Sequencing Kit,26
2024-08-05,Blood,Mycobacterium tuberculosis var. bovis AF2122/97,bTB-R1,['aac(2\\)-Ic'],{'aac(2\\)-Ic': 535.73},ST50,97.33,32.39,Oxford Nanopore,7H9 broth,Nextera XT,37
2024-04-02,Blood,Mycobacterium tuberculosis var. bovis AF2122/97,bTB-R1,['aac(2\\)-Ic'],{'aac(2\\)-Ic': 935.68},ST40,99.55,39.78,Illumina MiSeq,Middlebrook agar,Nextera XT,18
2024-11-14,Blood,Mycobacterium tuberculosis var. bovis AF2122/97,bTB-R1,['aac(2\\)-Ic'],{'aac(2\\)-Ic': 183.31},ST21,95.3,37.23,Illumina MiSeq,Middlebrook agar,Ligation Sequencing Kit,25
2024-09-25,Blood,Mycobacterium tuberculosis var. bovis AF2122/97,bTB-R1,['aac(2\\)-Ic'],{'aac(2\\)-Ic': 547.87},ST41,99.19,33.35,Oxford Nanopore,Middlebrook agar,Ligation Sequencing Kit,21
2024-09-04,Sputum,Mycobacterium tuberculosis var. bovis AF2122/97,bTB-R1,['aac(2\\)-Ic'],{'aac(2\\)-Ic': 572.1},ST22,97.11,30.14,PacBio,Lowenstein-Jensen,Ligation Sequencing Kit,26
2024-11-27,Blood,Escherichia coli,ECOLI-R14,"['blaCTX-M', 'blaKPC']","{'blaCTX-M': 756.22, 'blaKPC': 954.49}",ST46,94.73,39.36,PacBio,7H9 broth,Nextera XT,22
2024-07-04,Lung Biopsy,Mycobacterium tuberculosis var. bovis AF2122/97,bTB-R1,['aac(2\\)-Ic'],{'aac(2\\)-Ic': 693.39},ST50,94.01,35.03,Illumina MiSeq,Lowenstein-Jensen,TruSeq DNA,23
2024-07-29,Lung Biopsy,Mycobacterium tuberculosis var. bovis AF2122/97,bTB-R1,['aac(2\\)-Ic'],{'aac(2\\)-Ic': 803.98},ST23,94.12,35.49,Oxford Nanopore,Middlebrook agar,Ligation Sequencing Kit,29
2024-10-04,Blood,Mycobacterium tuberculosis var. bovis AF2122/97,bTB-R1,['aac(2\\)-Ic'],{'aac(2\\)-Ic': 855.94},ST38,95.0,35.73,Illumina MiSeq,7H9 broth,Ligation Sequencing Kit,46
2024-05-14,CSF,Mycobacterium tuberculosis var. bovis AF2122/97,bTB-R1,['aac(2\\)-Ic'],{'aac(2\\)-Ic': 315.09},ST11,94.52,30.58,Oxford Nanopore,7H9 broth,Ligation Sequencing Kit,31
2024-05-07,Lung Biopsy,Mycobacterium tuberculosis var. bovis AF2122/97,bTB-R1,['aac(2\\)-Ic'],{'aac(2\\)-Ic': 477.35},ST28,90.63,39.94,Illumina MiSeq,Lowenstein-Jensen,TruSeq DNA,40
2024-09-02,CSF,Mycobacterium tuberculosis var. bovis AF2122/97,bTB-R1,['aac(2\\)-Ic'],{'aac(2\\)-Ic': 861.68},ST17,96.76,36.62,Oxford Nanopore,Lowenstein-Jensen,TruSeq DNA,20
2024-09-14,Lung Biopsy,Mycobacterium tuberculosis var. bovis AF2122/97,bTB-R1,['aac(2\\)-Ic'],{'aac(2\\)-Ic': 255.04},ST32,97.12,34.24,Illumina MiSeq,Lowenstein-Jensen,TruSeq DNA,39
2024-07-30,Sputum,Mycobacterium tuberculosis var. bovis AF2122/97,bTB-R1,['aac(2\\)-Ic'],{'aac(2\\)-Ic': 675.3},ST13,92.04,31.01,Oxford Nanopore,Middlebrook agar,Nextera XT,25
2024-08-03,Lung Biopsy,Mycobacterium tuberculosis var. bovis AF2122/97,bTB-R1,['aac(2\\)-Ic'],{'aac(2\\)-Ic': 601.94},ST30,92.32,39.16,Illumina MiSeq,7H9 broth,Ligation Sequencing Kit,27
2024-11-08,Lung Biopsy,Mycobacterium tuberculosis var. bovis AF2122/97,bTB-R1,['aac(2\\)-Ic'],{'aac(2\\)-Ic': 432.93},ST41,95.86,37.35,Oxford Nanopore,7H9 broth,Ligation Sequencing Kit,48
2024-04-09,Blood,Mycobacterium tuberculosis var. bovis AF2122/97,bTB-R1,['aac(2\\)-Ic'],{'aac(2\\)-Ic': 307.73},ST19,91.82,35.38,Oxford Nanopore,7H9 broth,TruSeq DNA,30
2024-11-06,Lung Biopsy,Mycobacterium tuberculosis var. bovis AF2122/97,bTB-R1,['aac(2\\)-Ic'],{'aac(2\\)-Ic': 727.34},ST22,90.78,34.5,Oxford Nanopore,7H9 broth,TruSeq DNA,38
2024-08-27,Sputum,Mycobacterium tuberculosis var. bovis AF2122/97,bTB-R1,['aac(2\\)-Ic'],{'aac(2\\)-Ic': 909.9},ST23,95.53,34.79,Illumina MiSeq,Middlebrook agar,Ligation Sequencing Kit,39
2024-08-20,Lung Biopsy,Pseudomonas aeruginosa,PAE-R12,"['oprD', 'mexA']","{'oprD': 804.79, 'mexA': 725.19}",ST30,94.62,36.49,PacBio,Lowenstein-Jensen,TruSeq DNA,30
2024-05-22,Sputum,Mycobacterium tuberculosis var. bovis AF2122/97,bTB-R1,['aac(2\\)-Ic'],{'aac(2\\)-Ic': 204.23},ST24,95.48,35.84,PacBio,7H9 broth,Nextera XT,26
2024-08-30,Blood,Mycobacterium tuberculosis var. bovis AF2122/97,bTB-R1,['aac(2\\)-Ic'],{'aac(2\\)-Ic': 723.11},ST41,94.56,37.33,PacBio,Middlebrook agar,Ligation Sequencing Kit,33
2024-11-02,Sputum,Mycobacterium tuberculosis var. bovis AF2122/97,bTB-R1,['aac(2\\)-Ic'],{'aac(2\\)-Ic': 510.68},ST33,98.34,32.31,Illumina MiSeq,7H9 broth,TruSeq DNA,22
2024-03-08,Sputum,Pseudomonas aeruginosa,PAE-13,"['mexA', 'oprD']","{'mexA': 918.87, 'oprD': 529.14}",ST49,97.15,35.36,Oxford Nanopore,7H9 broth,Nextera XT,34
2024-10-16,CSF,Mycobacterium tuberculosis var. bovis AF2122/97,bTB-R1,['aac(2\\)-Ic'],{'aac(2\\)-Ic': 89.81},ST12,99.8,32.26,Oxford Nanopore,Lowenstein-Jensen,Ligation Sequencing Kit,25
2024-03-07,CSF,Mycobacterium tuberculosis var. bovis AF2122/97,bTB-R1,['aac(2\\)-Ic'],{'aac(2\\)-Ic': 859.38},ST16,94.95,34.34,Illumina MiSeq,Middlebrook agar,Nextera XT,20
2024-10-24,CSF,Klebsiella pneumoniae,KPN-R10,['blaKPC'],{'blaKPC': 754.73},ST35,95.38,36.58,Illumina MiSeq,Middlebrook agar,TruSeq DNA,46
2024-11-05,Lung Biopsy,Mycobacterium tuberculosis var. bovis AF2122/97,bTB-R1,['aac(2\\)-Ic'],{'aac(2\\)-Ic': 505.78},ST32,97.48,31.4,PacBio,Middlebrook agar,TruSeq DNA,30
2024-07-04,Sputum,Methicillin-Resistant Staphylococcus aureus,MRSA-R12,"['blaZ', 'mecA']","{'blaZ': 682.9, 'mecA': 664.07}",ST49,93.23,36.34,PacBio,Middlebrook agar,TruSeq DNA,42
2024-03-15,Blood,Escherichia coli,ECOLI-15,"['aac(3)-IIa', 'blaCTX-M']","{'aac(3)-IIa': 141.18, 'blaCTX-M': 195.52}",ST45,93.86,33.61,PacBio,Middlebrook agar,Nextera XT,41
2024-07-01,Sputum,Pseudomonas aeruginosa,PAE-R14,['mexA'],{'mexA': 688.46},ST27,93.21,33.85,Illumina MiSeq,Middlebrook agar,Ligation Sequencing Kit,43
2024-06-15,Sputum,Klebsiella pneumoniae,KPN-R11,['blaOXA-48'],{'blaOXA-48': 115.9},ST35,97.75,33.61,Oxford Nanopore,Lowenstein-Jensen,TruSeq DNA,33
2024-05-15,Blood,Methicillin-Resistant Staphylococcus aureus,MRSA-R13,"['blaZ', 'mecA']","{'blaZ': 968.09, 'mecA': 784.15}",ST27,95.97,36.95,PacBio,7H9 broth,TruSeq DNA,28
2024-05-07,Lung Biopsy,Mycobacterium tuberculosis var. bovis AF2122/97,bTB-R1,['aac(2\\)-Ic'],{'aac(2\\)-Ic': 298.42},ST14,99.43,34.62,Illumina MiSeq,Middlebrook agar,Ligation Sequencing Kit,18
2024-05-02,Blood,Mycobacterium tuberculosis var. bovis AF2122/97,bTB-R1,['aac(2\\)-Ic'],{'aac(2\\)-Ic': 406.8},ST42,97.81,30.74,PacBio,7H9 broth,Ligation Sequencing Kit,31
2024-04-26,Sputum,Mycobacterium tuberculosis var. bovis AF2122/97,bTB-R1,['aac(2\\)-Ic'],{'aac(2\\)-Ic': 405.62},ST31,96.41,30.44,PacBio,Middlebrook agar,TruSeq DNA,23
2024-03-21,Blood,Mycobacterium tuberculosis var. bovis AF2122/97,bTB-R1,['aac(2\\)-Ic'],{'aac(2\\)-Ic': 774.62},ST47,96.81,32.21,PacBio,Middlebrook agar,Ligation Sequencing Kit,36
2024-03-30,CSF,Mycobacterium tuberculosis var. bovis AF2122/97,bTB-R1,['aac(2\\)-Ic'],{'aac(2\\)-Ic': 786.43},ST43,99.31,31.42,Oxford Nanopore,7H9 broth,Nextera XT,44
2024-04-28,CSF,Escherichia coli,ECOLI-R16,['blaCTX-M'],{'blaCTX-M': 520.83},ST31,90.44,37.11,Oxford Nanopore,Lowenstein-Jensen,Nextera XT,27
2024-08-15,CSF,Mycobacterium tuberculosis var. bovis AF2122/97,bTB-R1,['aac(2\\)-Ic'],{'aac(2\\)-Ic': 435.26},ST10,93.92,37.37,Illumina MiSeq,Middlebrook agar,Ligation Sequencing Kit,31
2024-10-20,Sputum,Methicillin-Resistant Staphylococcus aureus,MRSA-R14,"['blaZ', 'mecA']","{'blaZ': 354.45, 'mecA': 847.06}",ST29,91.95,31.14,PacBio,7H9 broth,TruSeq DNA,28
2024-09-05,Lung Biopsy,Mycobacterium tuberculosis var. bovis AF2122/97,bTB-R1,['aac(2\\)-Ic'],{'aac(2\\)-Ic': 428.81},ST41,95.06,34.18,Illumina MiSeq,Lowenstein-Jensen,Ligation Sequencing Kit,22
2024-11-17,Lung Biopsy,Klebsiella pneumoniae,KPN-12,"['blaOXA-48', 'blaKPC']","{'blaOXA-48': 421.47, 'blaKPC': 841.49}",ST15,93.55,30.1,Oxford Nanopore,Middlebrook agar,Nextera XT,45
2024-04-21,Blood,Escherichia coli,ECOLI-R17,"['blaCTX-M', 'blaKPC']","{'blaCTX-M': 547.68, 'blaKPC': 990.98}",ST12,97.35,37.66,Oxford Nanopore,7H9 broth,TruSeq DNA,36
2024-04-27,Lung Biopsy,Escherichia coli,ECOLI-R18,"['blaCTX-M', 'blaKPC']","{'blaCTX-M': 812.6, 'blaKPC': 592.04}",ST49,98.09,34.39,Oxford Nanopore,Lowenstein-Jensen,TruSeq DNA,45
2024-07-19,Lung Biopsy,Mycobacterium tuberculosis var. bovis AF2122/97,bTB-R1,['aac(2\\)-Ic'],{'aac(2\\)-Ic': 299.71},ST46,92.78,35.39,Illumina MiSeq,Middlebrook agar,TruSeq DNA,35
2024-03-27,CSF,Mycobacterium tuberculosis var. bovis AF2122/97,bTB-R1,['aac(2\\)-Ic'],{'aac(2\\)-Ic': 763.86},ST35,91.31,31.46,PacBio,7H9 broth,Ligation Sequencing Kit,45
2024-12-01,CSF,Mycobacterium tuberculosis var. bovis AF2122/97,bTB-R1,['aac(2\\)-Ic'],{'aac(2\\)-Ic': 493.16},ST47,95.1,32.78,Illumina MiSeq,Middlebrook agar,Nextera XT,30
2024-11-08,Blood,Pseudomonas aeruginosa,PAE-R15,"['mexA', 'oprD']","{'mexA': 551.84, 'oprD': 139.29}",ST31,94.25,32.12,PacBio,Lowenstein-Jensen,Nextera XT,48
2024-09-12,CSF,Mycobacterium tuberculosis var. bovis AF2122/97,bTB-R1,['aac(2\\)-Ic'],{'aac(2\\)-Ic': 883.33},ST29,99.82,34.28,Illumina MiSeq,Lowenstein-Jensen,TruSeq DNA,18
2024-08-09,Blood,Klebsiella pneumoniae,KPN-R13,"['blaCTX-M', 'blaKPC']","{'blaCTX-M': 104.23, 'blaKPC': 221.29}",ST47,90.51,36.26,Oxford Nanopore,Middlebrook agar,Ligation Sequencing Kit,23
2024-09-23,Blood,Mycobacterium tuberculosis var. bovis AF2122/97,bTB-R1,['aac(2\\)-Ic'],{'aac(2\\)-Ic': 373.89},ST29,90.7,33.83,Oxford Nanopore,Middlebrook agar,Nextera XT,33
2024-10-12,Lung Biopsy,Klebsiella pneumoniae,KPN-R14,"['blaCTX-M', 'blaKPC']","{'blaCTX-M': 417.59, 'blaKPC': 689.7}",ST15,91.62,33.51,PacBio,7H9 broth,Ligation Sequencing Kit,38
2024-03-24,CSF,Pseudomonas aeruginosa,PAE-R16,"['mexA', 'oprD']","{'mexA': 750.37, 'oprD': 302.59}",ST25,96.38,32.48,Oxford Nanopore,7H9 broth,Nextera XT,26
2024-05-13,CSF,Methicillin-Resistant Staphylococcus aureus,MRSA-R15,"['mecA', 'blaZ']","{'mecA': 591.49, 'blaZ': 23.66}",ST13,99.25,31.32,Illumina MiSeq,Middlebrook agar,Nextera XT,29
2024-10-30,CSF,Escherichia coli,ECOLI-R19,['blaCTX-M'],{'blaCTX-M': 541.03},ST50,95.32,31.53,Oxford Nanopore,7H9 broth,Ligation Sequencing Kit,35
2024-11-26,Lung Biopsy,Mycobacterium tuberculosis var. bovis AF2122/97,bTB-R1,['aac(2\\)-Ic'],{'aac(2\\)-Ic': 743.25},ST17,96.06,30.55,Illumina MiSeq,Lowenstein-Jensen,Nextera XT,32
2024-10-31,CSF,Pseudomonas aeruginosa,PAE-R17,"['mexA', 'oprD']","{'mexA': 900.9, 'oprD': 341.66}",ST43,93.68,37.5,PacBio,Middlebrook agar,TruSeq DNA,23
2024-08-08,CSF,Mycobacterium tuberculosis var. bovis AF2122/97,bTB-R1,['aac(2\\)-Ic'],{'aac(2\\)-Ic': 677.38},ST17,93.64,32.55,Illumina MiSeq,Lowenstein-Jensen,Ligation Sequencing Kit,23
2024-05-26,Sputum,Escherichia coli,ECOLI-R20,"['blaCTX-M', 'aac(3)-IIa']","{'blaCTX-M': 255.78, 'aac(3)-IIa': 916.7}",ST14,91.49,39.31,Oxford Nanopore,Lowenstein-Jensen,TruSeq DNA,47
2024-05-28,Sputum,Mycobacterium tuberculosis var. bovis AF2122/97,bTB-R1,['aac(2\\)-Ic'],{'aac(2\\)-Ic': 557.56},ST10,98.68,38.66,PacBio,7H9 broth,TruSeq DNA,20
2024-06-08,Blood,Klebsiella pneumoniae,KPN-R15,['blaKPC'],{'blaKPC': 16.31},ST24,99.62,39.98,Illumina MiSeq,Lowenstein-Jensen,TruSeq DNA,36
2024-05-05,CSF,Methicillin-Resistant Staphylococcus aureus,MRSA-R16,['blaZ'],{'blaZ': 102.1},ST43,95.25,32.38,PacBio,Lowenstein-Jensen,Nextera XT,24
2024-06-18,Sputum,Escherichia coli,ECOLI-R21,['aac(3)-IIa'],{'aac(3)-IIa': 268.38},ST35,93.9,35.92,PacBio,7H9 broth,Ligation Sequencing Kit,44
2024-04-15,Lung Biopsy,Mycobacterium tuberculosis var. bovis AF2122/97,bTB-R1,['aac(2\\)-Ic'],{'aac(2\\)-Ic': 540.57},ST23,91.05,34.5,Illumina MiSeq,Middlebrook agar,Nextera XT,22
2024-05-14,Sputum,Mycobacterium tuberculosis var. bovis AF2122/97,bTB-R1,['aac(2\\)-Ic'],{'aac(2\\)-Ic': 714.05},ST32,95.97,32.15,PacBio,Lowenstein-Jensen,Ligation Sequencing Kit,40
2024-09-27,Lung Biopsy,Mycobacterium tuberculosis var. bovis AF2122/97,bTB-R1,['aac(2\\)-Ic'],{'aac(2\\)-Ic': 71.05},ST24,92.47,34.62,Oxford Nanopore,Middlebrook agar,Ligation Sequencing Kit,35
2024-10-01,Sputum,Mycobacterium tuberculosis var. bovis AF2122/97,bTB-R1,['aac(2\\)-Ic'],{'aac(2\\)-Ic': 848.8},ST31,91.96,36.46,Oxford Nanopore,7H9 broth,Nextera XT,20
2024-04-18,Lung Biopsy,Mycobacterium tuberculosis var. bovis AF2122/97,bTB-R1,['aac(2\\)-Ic'],{'aac(2\\)-Ic': 195.28},ST27,93.79,34.27,PacBio,Lowenstein-Jensen,TruSeq DNA,18
2024-04-01,Lung Biopsy,Klebsiella pneumoniae,KPN-R16,['blaKPC'],{'blaKPC': 989.51},ST32,90.6,32.8,Oxford Nanopore,Lowenstein-Jensen,Ligation Sequencing Kit,33
2024-08-12,Blood,Pseudomonas aeruginosa,PAE-18,"['mexA', 'oprD']","{'mexA': 109.13, 'oprD': 660.3}",ST13,92.17,38.96,Illumina MiSeq,7H9 broth,TruSeq DNA,37
2024-09-21,Lung Biopsy,Mycobacterium tuberculosis var. bovis AF2122/97,bTB-R1,['aac(2\\)-Ic'],{'aac(2\\)-Ic': 948.08},ST46,93.55,35.92,PacBio,Lowenstein-Jensen,Ligation Sequencing Kit,40
2024-09-27,Blood,Mycobacterium tuberculosis var. bovis AF2122/97,bTB-R1,['aac(2\\)-Ic'],{'aac(2\\)-Ic': 918.72},ST22,95.96,30.2,Illumina MiSeq,7H9 broth,Nextera XT,25
2024-05-14,Blood,Mycobacterium tuberculosis var. bovis AF2122/97,bTB-R1,['aac(2\\)-Ic'],{'aac(2\\)-Ic': 960.95},ST33,91.4,31.11,Illumina MiSeq,Middlebrook agar,Ligation Sequencing Kit,47
2024-09-03,Blood,Pseudomonas aeruginosa,PAE-R19,['oprD'],{'oprD': 313.75},ST18,94.82,33.17,PacBio,Lowenstein-Jensen,Ligation Sequencing Kit,48
2024-06-22,Sputum,Mycobacterium tuberculosis var. bovis AF2122/97,bTB-R1,['aac(2\\)-Ic'],{'aac(2\\)-Ic': 87.03},ST32,95.6,39.37,Oxford Nanopore,Middlebrook agar,Nextera XT,38
2024-03-25,Blood,Escherichia coli,ECOLI-R22,"['blaCTX-M', 'blaKPC']","{'blaCTX-M': 443.84, 'blaKPC': 425.46}",ST36,90.67,32.57,Oxford Nanopore,7H9 broth,Nextera XT,40
2024-10-25,CSF,Escherichia coli,ECOLI-R23,['blaCTX-M'],{'blaCTX-M': 348.39},ST20,91.61,30.74,PacBio,Middlebrook agar,Ligation Sequencing Kit,25
2024-03-26,CSF,Escherichia coli,ECOLI-R24,"['aac(3)-IIa', 'blaCTX-M']","{'aac(3)-IIa': 304.43, 'blaCTX-M': 104.96}",ST45,98.81,31.57,Oxford Nanopore,Middlebrook agar,Nextera XT,37
2024-04-05,Sputum,Klebsiella pneumoniae,KPN-17,['blaOXA-48'],{'blaOXA-48': 845.33},ST35,94.76,30.97,Oxford Nanopore,Middlebrook agar,Ligation Sequencing Kit,37
2024-09-16,CSF,Mycobacterium tuberculosis var. bovis AF2122/97,bTB-R1,['aac(2\\)-Ic'],{'aac(2\\)-Ic': 275.88},ST13,90.44,34.4,Oxford Nanopore,Lowenstein-Jensen,Nextera XT,32
2024-03-20,Blood,Methicillin-Resistant Staphylococcus aureus,MRSA-R17,"['mecA', 'blaZ']","{'mecA': 305.86, 'blaZ': 400.86}",ST12,90.6,33.87,Oxford Nanopore,Middlebrook agar,Nextera XT,35
2024-07-23,CSF,Mycobacterium tuberculosis var. bovis AF2122/97,bTB-R1,['aac(2\\)-Ic'],{'aac(2\\)-Ic': 824.34},ST19,94.19,39.88,Illumina MiSeq,7H9 broth,Nextera XT,19
2024-06-09,CSF,Methicillin-Resistant Staphylococcus aureus,MRSA-18,['mecA'],{'mecA': 567.06},ST28,94.54,38.73,PacBio,Lowenstein-Jensen,TruSeq DNA,34
2024-08-03,CSF,Mycobacterium tuberculosis var. bovis AF2122/97,bTB-R1,['aac(2\\)-Ic'],{'aac(2\\)-Ic': 48.39},ST31,93.99,36.18,Oxford Nanopore,7H9 broth,Nextera XT,26
2024-04-20,Blood,Mycobacterium tuberculosis var. bovis AF2122/97,bTB-R1,['aac(2\\)-Ic'],{'aac(2\\)-Ic': 235.68},ST29,94.87,36.96,Oxford Nanopore,Lowenstein-Jensen,TruSeq DNA,44
2024-09-24,CSF,Methicillin-Resistant Staphylococcus aureus,MRSA-R19,['mecA'],{'mecA': 74.96},ST35,99.04,34.07,Illumina MiSeq,7H9 broth,TruSeq DNA,24
2024-06-06,Lung Biopsy,Pseudomonas aeruginosa,PAE-R20,"['mexA', 'oprD']","{'mexA': 249.52, 'oprD': 493.9}",ST40,99.09,37.05,Illumina MiSeq,7H9 broth,TruSeq DNA,19
2024-07-18,Blood,Mycobacterium tuberculosis var. bovis AF2122/97,bTB-R1,['aac(2\\)-Ic'],{'aac(2\\)-Ic': 650.91},ST23,90.49,38.54,Illumina MiSeq,Lowenstein-Jensen,Nextera XT,30
2024-03-11,Sputum,Pseudomonas aeruginosa,PAE-R21,"['oprD', 'mexA']","{'oprD': 853.07, 'mexA': 464.41}",ST29,90.08,32.52,PacBio,7H9 broth,Ligation Sequencing Kit,43
2024-07-22,Blood,Mycobacterium tuberculosis var. bovis AF2122/97,bTB-R1,['aac(2\\)-Ic'],{'aac(2\\)-Ic': 644.19},ST27,96.78,34.82,PacBio,Middlebrook agar,TruSeq DNA,27
2024-08-27,Lung Biopsy,Methicillin-Resistant Staphylococcus aureus,MRSA-R20,"['mecA', 'blaZ']","{'mecA': 424.38, 'blaZ': 394.39}",ST46,91.39,30.25,Oxford Nanopore,Middlebrook agar,TruSeq DNA,39
2024-08-31,CSF,Mycobacterium tuberculosis var. bovis AF2122/97,bTB-R1,['aac(2\\)-Ic'],{'aac(2\\)-Ic': 136.66},ST26,96.51,35.58,PacBio,Lowenstein-Jensen,Nextera XT,44
2024-10-27,Blood,Mycobacterium tuberculosis var. bovis AF2122/97,bTB-R1,['aac(2\\)-Ic'],{'aac(2\\)-Ic': 867.73},ST47,92.58,32.94,Oxford Nanopore,Lowenstein-Jensen,TruSeq DNA,29
2024-04-12,Sputum,Mycobacterium tuberculosis var. bovis AF2122/97,bTB-R1,['aac(2\\)-Ic'],{'aac(2\\)-Ic': 349.24},ST46,90.54,38.54,Oxford Nanopore,Middlebrook agar,TruSeq DNA,31
2024-09-27,Lung Biopsy,Methicillin-Resistant Staphylococcus aureus,MRSA-R21,['mecA'],{'mecA': 494.68},ST15,93.1,30.58,Oxford Nanopore,Lowenstein-Jensen,Ligation Sequencing Kit,23
2024-11-30,CSF,Mycobacterium tuberculosis var. bovis AF2122/97,bTB-R1,['aac(2\\)-Ic'],{'aac(2\\)-Ic': 535.72},ST11,97.23,39.5,Illumina MiSeq,7H9 broth,Ligation Sequencing Kit,24
2024-06-10,Blood,Escherichia coli,ECOLI-R25,"['blaCTX-M', 'blaKPC']","{'blaCTX-M': 730.55, 'blaKPC': 600.41}",ST18,93.03,30.65,Illumina MiSeq,Lowenstein-Jensen,Ligation Sequencing Kit,36
2024-07-25,Lung Biopsy,Escherichia coli,ECOLI-R26,"['blaCTX-M', 'blaKPC']","{'blaCTX-M': 372.93, 'blaKPC': 654.03}",ST50,99.75,32.11,Illumina MiSeq,7H9 broth,Nextera XT,41
2024-11-28,Sputum,Mycobacterium tuberculosis var. bovis AF2122/97,bTB-R1,['aac(2\\)-Ic'],{'aac(2\\)-Ic': 161.6},ST50,94.4,31.24,Illumina MiSeq,Middlebrook agar,Nextera XT,31
2024-08-21,Sputum,Escherichia coli,ECOLI-R27,"['blaCTX-M', 'aac(3)-IIa']","{'blaCTX-M': 502.76, 'aac(3)-IIa': 612.91}",ST43,91.36,38.31,Oxford Nanopore,Middlebrook agar,Ligation Sequencing Kit,40
2024-03-25,Lung Biopsy,Mycobacterium tuberculosis var. bovis AF2122/97,bTB-R1,['aac(2\\)-Ic'],{'aac(2\\)-Ic': 907.81},ST46,94.76,32.35,Oxford Nanopore,7H9 broth,Ligation Sequencing Kit,47
2024-04-28,Sputum,Pseudomonas aeruginosa,PAE-R22,"['mexA', 'oprD']","{'mexA': 182.95, 'oprD': 49.05}",ST30,94.52,39.77,Illumina MiSeq,Lowenstein-Jensen,Ligation Sequencing Kit,25
2024-06-10,Sputum,Mycobacterium tuberculosis var. bovis AF2122/97,bTB-R1,['aac(2\\)-Ic'],{'aac(2\\)-Ic': 735.74},ST33,93.54,34.38,PacBio,Middlebrook agar,Nextera XT,28
2024-09-12,CSF,Mycobacterium tuberculosis var. bovis AF2122/97,bTB-R1,['aac(2\\)-Ic'],{'aac(2\\)-Ic': 699.21},ST13,94.18,38.86,Oxford Nanopore,Middlebrook agar,TruSeq DNA,43
2024-03-30,CSF,Mycobacterium tuberculosis var. bovis AF2122/97,bTB-R1,['aac(2\\)-Ic'],{'aac(2\\)-Ic': 881.15},ST18,93.76,33.59,PacBio,Lowenstein-Jensen,Nextera XT,37
2024-09-17,CSF,Klebsiella pneumoniae,KPN-R18,"['blaKPC', 'blaOXA-48']","{'blaKPC': 665.1, 'blaOXA-48': 256.09}",ST34,96.98,36.78,Oxford Nanopore,Middlebrook agar,TruSeq DNA,18
2024-03-22,Lung Biopsy,Pseudomonas aeruginosa,PAE-23,"['oprD', 'mexA']","{'oprD': 88.04, 'mexA': 449.75}",ST15,94.87,32.41,Oxford Nanopore,7H9 broth,Nextera XT,42
2024-04-14,CSF,Escherichia coli,ECOLI-R28,"['blaCTX-M', 'aac(3)-IIa']","{'blaCTX-M': 950.85, 'aac(3)-IIa': 369.71}",ST24,90.35,35.49,Illumina MiSeq,7H9 broth,TruSeq DNA,31
2024-10-09,Blood,Pseudomonas aeruginosa,PAE-R24,['mexA'],{'mexA': 897.91},ST36,90.02,33.55,Illumina MiSeq,7H9 broth,Ligation Sequencing Kit,25
2024-09-25,Sputum,Escherichia coli,ECOLI-R29,['aac(3)-IIa'],{'aac(3)-IIa': 462.81},ST42,93.35,37.57,Illumina MiSeq,Lowenstein-Jensen,Nextera XT,40
2024-05-20,Sputum,Klebsiella pneumoniae,KPN-R19,"['blaCTX-M', 'blaKPC']","{'blaCTX-M': 393.53, 'blaKPC': 604.54}",ST42,99.12,31.77,PacBio,Lowenstein-Jensen,Ligation Sequencing Kit,42
2024-09-02,CSF,Pseudomonas aeruginosa,PAE-R25,"['mexA', 'oprD']","{'mexA': 217.62, 'oprD': 717.24}",ST18,95.96,38.86,Oxford Nanopore,7H9 broth,Nextera XT,31
2024-03-10,Blood,Mycobacterium tuberculosis var. bovis AF2122/97,bTB-R1,['aac(2\\)-Ic'],{'aac(2\\)-Ic': 848.83},ST10,94.13,37.48,PacBio,Middlebrook agar,Ligation Sequencing Kit,40
2024-08-10,Lung Biopsy,Pseudomonas aeruginosa,PAE-26,"['mexA', 'oprD']","{'mexA': 365.1, 'oprD': 458.07}",ST45,97.78,39.84,Illumina MiSeq,7H9 broth,TruSeq DNA,42
2024-08-21,Blood,Mycobacterium tuberculosis var. bovis AF2122/97,bTB-R1,['aac(2\\)-Ic'],{'aac(2\\)-Ic': 63.26},ST26,99.47,39.76,Illumina MiSeq,Lowenstein-Jensen,TruSeq DNA,31
2024-05-23,Blood,Pseudomonas aeruginosa,PAE-R27,['mexA'],{'mexA': 962.85},ST17,97.68,39.64,PacBio,Middlebrook agar,Ligation Sequencing Kit,24
2024-07-01,Blood,Mycobacterium tuberculosis var. bovis AF2122/97,bTB-R1,['aac(2\\)-Ic'],{'aac(2\\)-Ic': 329.4},ST13,94.62,39.37,PacBio,Lowenstein-Jensen,Nextera XT,28
2024-06-16,Blood,Mycobacterium tuberculosis var. bovis AF2122/97,bTB-R1,['aac(2\\)-Ic'],{'aac(2\\)-Ic': 355.91},ST23,95.0,34.16,Illumina MiSeq,Middlebrook agar,Nextera XT,43
2024-07-31,Lung Biopsy,Mycobacterium tuberculosis var. bovis AF2122/97,bTB-R1,['aac(2\\)-Ic'],{'aac(2\\)-Ic': 451.21},ST49,97.45,36.49,PacBio,Lowenstein-Jensen,Ligation Sequencing Kit,44
2024-11-10,Sputum,Mycobacterium tuberculosis var. bovis AF2122/97,bTB-R1,['aac(2\\)-Ic'],{'aac(2\\)-Ic': 513.65},ST41,99.02,38.22,PacBio,Middlebrook agar,TruSeq DNA,18
2024-08-19,Sputum,Mycobacterium tuberculosis var. bovis AF2122/97,bTB-R1,['aac(2\\)-Ic'],{'aac(2\\)-Ic': 429.97},ST16,90.65,36.7,PacBio,Middlebrook agar,Nextera XT,38
2024-04-25,Lung Biopsy,Pseudomonas aeruginosa,PAE-R28,['oprD'],{'oprD': 413.56},ST35,90.73,31.78,PacBio,Lowenstein-Jensen,Nextera XT,20
2024-10-09,Sputum,Mycobacterium tuberculosis var. bovis AF2122/97,bTB-R1,['aac(2\\)-Ic'],{'aac(2\\)-Ic': 364.12},ST42,97.48,35.86,PacBio,Middlebrook agar,Ligation Sequencing Kit,20
2024-07-04,Sputum,Mycobacterium tuberculosis var. bovis AF2122/97,bTB-R1,['aac(2\\)-Ic'],{'aac(2\\)-Ic': 798.8},ST44,94.69,35.33,Oxford Nanopore,Lowenstein-Jensen,Ligation Sequencing Kit,18
2024-06-09,Blood,Mycobacterium tuberculosis var. bovis AF2122/97,bTB-R1,['aac(2\\)-Ic'],{'aac(2\\)-Ic': 94.28},ST23,90.05,35.97,PacBio,7H9 broth,Nextera XT,19
2024-03-28,Lung Biopsy,Escherichia coli,ECOLI-R30,"['blaCTX-M', 'aac(3)-IIa']","{'blaCTX-M': 674.97, 'aac(3)-IIa': 258.18}",ST47,91.13,36.71,Illumina MiSeq,Middlebrook agar,TruSeq DNA,24
2024-11-30,Lung Biopsy,Pseudomonas aeruginosa,PAE-R29,"['mexA', 'oprD']","{'mexA': 571.19, 'oprD': 809.62}",ST20,94.81,33.28,PacBio,7H9 broth,Nextera XT,28
2024-06-29,Lung Biopsy,Mycobacterium tuberculosis var. bovis AF2122/97,bTB-R1,['aac(2\\)-Ic'],{'aac(2\\)-Ic': 468.22},ST32,93.56,36.8,PacBio,Lowenstein-Jensen,TruSeq DNA,44
2024-07-22,Sputum,Escherichia coli,ECOLI-R31,['aac(3)-IIa'],{'aac(3)-IIa': 771.51},ST12,97.26,36.27,Illumina MiSeq,Middlebrook agar,Nextera XT,26
2024-09-09,CSF,Mycobacterium tuberculosis var. bovis AF2122/97,bTB-R1,['aac(2\\)-Ic'],{'aac(2\\)-Ic': 666.05},ST49,94.96,30.91,PacBio,Lowenstein-Jensen,Nextera XT,32
2024-05-27,Lung Biopsy,Mycobacterium tuberculosis var. bovis AF2122/97,bTB-R1,['aac(2\\)-Ic'],{'aac(2\\)-Ic': 239.43},ST26,94.79,33.59,PacBio,7H9 broth,Ligation Sequencing Kit,41
2024-03-13,Lung Biopsy,Pseudomonas aeruginosa,PAE-30,"['oprD', 'mexA']","{'oprD': 382.89, 'mexA': 384.73}",ST14,90.46,39.81,Oxford Nanopore,Lowenstein-Jensen,TruSeq DNA,46
2024-08-16,CSF,Mycobacterium tuberculosis var. bovis AF2122/97,bTB-R1,['aac(2\\)-Ic'],{'aac(2\\)-Ic': 519.4},ST27,94.97,31.39,Oxford Nanopore,Lowenstein-Jensen,Ligation Sequencing Kit,18
2024-09-11,Blood,Mycobacterium tuberculosis var. bovis AF2122/97,bTB-R1,['aac(2\\)-Ic'],{'aac(2\\)-Ic': 484.23},ST47,98.03,37.2,Illumina MiSeq,Middlebrook agar,Nextera XT,31
2024-03-13,Sputum,Mycobacterium tuberculosis var. bovis AF2122/97,bTB-R1,['aac(2\\)-Ic'],{'aac(2\\)-Ic': 265.68},ST21,95.08,38.91,PacBio,7H9 broth,Nextera XT,38
2024-10-28,Blood,Methicillin-Resistant Staphylococcus aureus,MRSA-R22,['blaZ'],{'blaZ': 176.04},ST39,94.77,32.19,Oxford Nanopore,Middlebrook agar,TruSeq DNA,45
2024-12-02,Lung Biopsy,Escherichia coli,ECOLI-32,['blaCTX-M'],{'blaCTX-M': 102.26},ST48,94.16,31.5,Illumina MiSeq,Middlebrook agar,Ligation Sequencing Kit,39
2024-10-13,Blood,Mycobacterium tuberculosis var. bovis AF2122/97,bTB-R1,['aac(2\\)-Ic'],{'aac(2\\)-Ic': 806.57},ST46,99.29,34.82,PacBio,Middlebrook agar,TruSeq DNA,25
2024-03-10,CSF,Mycobacterium tuberculosis var. bovis AF2122/97,bTB-R1,['aac(2\\)-Ic'],{'aac(2\\)-Ic': 791.53},ST46,95.38,32.58,Illumina MiSeq,Lowenstein-Jensen,Ligation Sequencing Kit,46
2024-05-29,CSF,Mycobacterium tuberculosis var. bovis AF2122/97,bTB-R1,['aac(2\\)-Ic'],{'aac(2\\)-Ic': 856.43},ST37,91.06,34.26,PacBio,Lowenstein-Jensen,TruSeq DNA,29
2024-10-12,Lung Biopsy,Pseudomonas aeruginosa,PAE-R31,"['mexA', 'oprD']","{'mexA': 750.34, 'oprD': 452.13}",ST20,95.54,34.84,PacBio,Lowenstein-Jensen,Nextera XT,29
2024-04-05,Blood,Mycobacterium tuberculosis var. bovis AF2122/97,bTB-R1,['aac(2\\)-Ic'],{'aac(2\\)-Ic': 100.18},ST19,90.52,33.89,PacBio,Middlebrook agar,Ligation Sequencing Kit,40
2024-07-09,Blood,Pseudomonas aeruginosa,PAE-R32,['oprD'],{'oprD': 444.58},ST43,93.8,39.84,Illumina MiSeq,Middlebrook agar,Nextera XT,41
2024-10-17,Lung Biopsy,Escherichia coli,ECOLI-R33,"['aac(3)-IIa', 'blaCTX-M']","{'aac(3)-IIa': 590.22, 'blaCTX-M': 522.57}",ST14,96.48,39.76,PacBio,7H9 broth,TruSeq DNA,25
2024-05-23,Blood,Escherichia coli,ECOLI-R34,"['blaCTX-M', 'aac(3)-IIa']","{'blaCTX-M': 877.35, 'aac(3)-IIa': 815.02}",ST38,90.05,31.75,Illumina MiSeq,Lowenstein-Jensen,TruSeq DNA,36
2024-08-07,Blood,Mycobacterium tuberculosis var. bovis AF2122/97,bTB-R1,['aac(2\\)-Ic'],{'aac(2\\)-Ic': 790.77},ST24,90.27,31.16,PacBio,Lowenstein-Jensen,Ligation Sequencing Kit,45
2024-06-04,Sputum,Mycobacterium tuberculosis var. bovis AF2122/97,bTB-R1,['aac(2\\)-Ic'],{'aac(2\\)-Ic': 186.7},ST30,96.67,38.21,Illumina MiSeq,Lowenstein-Jensen,Nextera XT,30
2024-11-29,Lung Biopsy,Klebsiella pneumoniae,KPN-R20,"['blaKPC', 'blaOXA-48']","{'blaKPC': 128.68, 'blaOXA-48': 87.7}",ST41,98.64,32.07,Illumina MiSeq,7H9 broth,Ligation Sequencing Kit,25
2024-04-30,Blood,Mycobacterium tuberculosis var. bovis AF2122/97,bTB-R1,['aac(2\\)-Ic'],{'aac(2\\)-Ic': 136.96},ST43,99.07,32.8,Oxford Nanopore,Lowenstein-Jensen,Nextera XT,42
2024-07-21,Blood,Escherichia coli,ECOLI-35,['aac(3)-IIa'],{'aac(3)-IIa': 367.99},ST21,95.13,33.16,Illumina MiSeq,Lowenstein-Jensen,Nextera XT,40
2024-08-07,Blood,Mycobacterium tuberculosis var. bovis AF2122/97,bTB-R1,['aac(2\\)-Ic'],{'aac(2\\)-Ic': 188.09},ST18,96.94,33.72,Oxford Nanopore,Lowenstein-Jensen,Nextera XT,31
2024-09-10,Lung Biopsy,Escherichia coli,ECOLI-36,"['aac(3)-IIa', 'blaCTX-M']","{'aac(3)-IIa': 258.46, 'blaCTX-M': 859.92}",ST16,99.5,31.5,Oxford Nanopore,7H9 broth,Nextera XT,43
2024-05-06,Blood,Mycobacterium tuberculosis var. bovis AF2122/97,bTB-R1,['aac(2\\)-Ic'],{'aac(2\\)-Ic': 265.14},ST11,92.57,33.6,Illumina MiSeq,Lowenstein-Jensen,Ligation Sequencing Kit,28
2024-10-23,Lung Biopsy,Mycobacterium tuberculosis var. bovis AF2122/97,bTB-R1,['aac(2\\)-Ic'],{'aac(2\\)-Ic': 492.62},ST38,99.7,32.85,PacBio,Middlebrook agar,Ligation Sequencing Kit,23
2024-06-23,Lung Biopsy,Mycobacterium tuberculosis var. bovis AF2122/97,bTB-R1,['aac(2\\)-Ic'],{'aac(2\\)-Ic': 350.19},ST30,96.06,34.05,PacBio,Lowenstein-Jensen,TruSeq DNA,38
2024-08-17,CSF,Klebsiella pneumoniae,KPN-R21,"['blaCTX-M', 'blaKPC']","{'blaCTX-M': 242.28, 'blaKPC': 259.13}",ST15,99.56,34.14,Oxford Nanopore,Middlebrook agar,Ligation Sequencing Kit,34
2024-05-17,Sputum,Mycobacterium tuberculosis var. bovis AF2122/97,bTB-R1,['aac(2\\)-Ic'],{'aac(2\\)-Ic': 621.92},ST15,93.93,37.65,PacBio,7H9 broth,Nextera XT,42
2024-04-07,Blood,Mycobacterium tuberculosis var. bovis AF2122/97,bTB-R1,['aac(2\\)-Ic'],{'aac(2\\)-Ic': 331.95},ST40,91.69,30.35,Illumina MiSeq,7H9 broth,Ligation Sequencing Kit,44
2024-03-31,Lung Biopsy,Mycobacterium tuberculosis var. bovis AF2122/97,bTB-R1,['aac(2\\)-Ic'],{'aac(2\\)-Ic': 316.56},ST32,98.69,34.35,Oxford Nanopore,Middlebrook agar,Ligation Sequencing Kit,38
2024-04-26,Blood,Klebsiella pneumoniae,KPN-R22,['blaOXA-48'],{'blaOXA-48': 947.49},ST10,90.0,38.15,Oxford Nanopore,7H9 broth,TruSeq DNA,18
2024-07-16,Sputum,Methicillin-Resistant Staphylococcus aureus,MRSA-R23,"['mecA', 'blaZ']","{'mecA': 88.42, 'blaZ': 629.07}",ST49,93.91,31.63,Illumina MiSeq,Lowenstein-Jensen,Ligation Sequencing Kit,31
2024-07-11,Lung Biopsy,Pseudomonas aeruginosa,PAE-R33,"['mexA', 'oprD']","{'mexA': 59.14, 'oprD': 539.62}",ST16,96.31,36.18,Illumina MiSeq,7H9 broth,TruSeq DNA,21
2024-04-09,CSF,Mycobacterium tuberculosis var. bovis AF2122/97,bTB-R1,['aac(2\\)-Ic'],{'aac(2\\)-Ic': 503.41},ST33,94.89,33.42,Illumina MiSeq,7H9 broth,Nextera XT,18
2024-07-28,Lung Biopsy,Mycobacterium tuberculosis var. bovis AF2122/97,bTB-R1,['aac(2\\)-Ic'],{'aac(2\\)-Ic': 829.97},ST17,91.8,38.96,Oxford Nanopore,7H9 broth,Ligation Sequencing Kit,33
2024-11-11,Sputum,Mycobacterium tuberculosis var. bovis AF2122/97,bTB-R1,['aac(2\\)-Ic'],{'aac(2\\)-Ic': 936.85},ST20,99.72,34.73,PacBio,7H9 broth,Ligation Sequencing Kit,39
2024-04-03,Blood,Escherichia coli,ECOLI-37,['aac(3)-IIa'],{'aac(3)-IIa': 791.25},ST12,92.34,34.34,Illumina MiSeq,Middlebrook agar,Nextera XT,21
2024-10-09,Sputum,Mycobacterium tuberculosis var. bovis AF2122/97,bTB-R1,['aac(2\\)-Ic'],{'aac(2\\)-Ic': 361.96},ST19,93.35,39.7,Oxford Nanopore,7H9 broth,Ligation Sequencing Kit,37
2024-08-27,Blood,Klebsiella pneumoniae,KPN-R23,"['blaCTX-M', 'blaKPC']","{'blaCTX-M': 709.56, 'blaKPC': 563.43}",ST41,90.21,33.78,Oxford Nanopore,Lowenstein-Jensen,Ligation Sequencing Kit,24
2024-03-18,CSF,Mycobacterium tuberculosis var. bovis AF2122/97,bTB-R1,['aac(2\\)-Ic'],{'aac(2\\)-Ic': 459.54},ST50,91.53,32.96,PacBio,7H9 broth,Nextera XT,34
2024-09-15,Blood,Mycobacterium tuberculosis var. bovis AF2122/97,bTB-R1,['aac(2\\)-Ic'],{'aac(2\\)-Ic': 686.39},ST45,96.52,35.39,Illumina MiSeq,Lowenstein-Jensen,Ligation Sequencing Kit,20
2024-11-16,Blood,Mycobacterium tuberculosis var. bovis AF2122/97,bTB-R1,['aac(2\\)-Ic'],{'aac(2\\)-Ic': 490.52},ST16,98.27,31.3,PacBio,Middlebrook agar,Nextera XT,19
2024-04-07,Blood,Mycobacterium tuberculosis var. bovis AF2122/97,bTB-R1,['aac(2\\)-Ic'],{'aac(2\\)-Ic': 890.87},ST15,90.13,39.21,Illumina MiSeq,Middlebrook agar,Ligation Sequencing Kit,20
2024-10-14,CSF,Mycobacterium tuberculosis var. bovis AF2122/97,bTB-R1,['aac(2\\)-Ic'],{'aac(2\\)-Ic': 223.74},ST43,95.24,37.34,PacBio,7H9 broth,Ligation Sequencing Kit,26
2024-06-02,CSF,Mycobacterium tuberculosis var. bovis AF2122/97,bTB-R1,['aac(2\\)-Ic'],{'aac(2\\)-Ic': 114.46},ST50,96.19,31.79,PacBio,Middlebrook agar,Nextera XT,36
2024-06-19,Lung Biopsy,Mycobacterium tuberculosis var. bovis AF2122/97,bTB-R1,['aac(2\\)-Ic'],{'aac(2\\)-Ic': 358.8},ST30,96.51,35.34,PacBio,Lowenstein-Jensen,Ligation Sequencing Kit,28
2024-11-29,CSF,Pseudomonas aeruginosa,PAE-R34,"['mexA', 'oprD']","{'mexA': 983.13, 'oprD': 599.81}",ST29,95.4,33.75,Oxford Nanopore,Middlebrook agar,Nextera XT,36
2024-07-24,Blood,Escherichia coli,ECOLI-38,['aac(3)-IIa'],{'aac(3)-IIa': 373.41},ST24,95.65,35.72,Oxford Nanopore,Middlebrook agar,Ligation Sequencing Kit,35
2024-07-02,CSF,Mycobacterium tuberculosis var. bovis AF2122/97,bTB-R1,['aac(2\\)-Ic'],{'aac(2\\)-Ic': 821.32},ST16,97.85,31.73,PacBio,7H9 broth,Ligation Sequencing Kit,28
2024-09-17,Sputum,Klebsiella pneumoniae,KPN-R24,['blaOXA-48'],{'blaOXA-48': 63.59},ST30,98.59,38.7,Oxford Nanopore,Lowenstein-Jensen,TruSeq DNA,47
2024-09-18,Lung Biopsy,Mycobacterium tuberculosis var. bovis AF2122/97,bTB-R1,['aac(2\\)-Ic'],{'aac(2\\)-Ic': 296.89},ST35,97.45,35.75,PacBio,Middlebrook agar,TruSeq DNA,32
2024-08-23,CSF,Mycobacterium tuberculosis var. bovis AF2122/97,bTB-R1,['aac(2\\)-Ic'],{'aac(2\\)-Ic': 143.52},ST45,90.84,35.02,Illumina MiSeq,Middlebrook agar,TruSeq DNA,26
2024-05-05,Lung Biopsy,Mycobacterium tuberculosis var. bovis AF2122/97,bTB-R1,['aac(2\\)-Ic'],{'aac(2\\)-Ic': 580.26},ST17,90.71,37.77,PacBio,Middlebrook agar,Nextera XT,25
2024-10-06,Lung Biopsy,Methicillin-Resistant Staphylococcus aureus,MRSA-R24,['mecA'],{'mecA': 688.51},ST15,93.02,39.88,PacBio,Middlebrook agar,Nextera XT,42
2024-08-20,Lung Biopsy,Mycobacterium tuberculosis var. bovis AF2122/97,bTB-R1,['aac(2\\)-Ic'],{'aac(2\\)-Ic': 742.61},ST23,91.1,34.5,Illumina MiSeq,Lowenstein-Jensen,Ligation Sequencing Kit,43
2024-06-01,Lung Biopsy,Pseudomonas aeruginosa,PAE-35,"['mexA', 'oprD']","{'mexA': 658.21, 'oprD': 18.25}",ST27,98.97,35.27,PacBio,7H9 broth,TruSeq DNA,36
2024-11-21,CSF,Mycobacterium tuberculosis var. bovis AF2122/97,bTB-R1,['aac(2\\)-Ic'],{'aac(2\\)-Ic': 206.89},ST39,93.12,38.67,PacBio,Middlebrook agar,Nextera XT,46
2024-07-12,Blood,Pseudomonas aeruginosa,PAE-R36,"['mexA', 'oprD']","{'mexA': 879.89, 'oprD': 891.5}",ST11,93.43,33.52,Oxford Nanopore,Middlebrook agar,Nextera XT,18
2024-08-21,CSF,Klebsiella pneumoniae,KPN-R25,"['blaOXA-48', 'blaKPC']","{'blaOXA-48': 454.68, 'blaKPC': 140.45}",ST47,99.51,36.12,Illumina MiSeq,Middlebrook agar,TruSeq DNA,34
2024-11-17,Lung Biopsy,Mycobacterium tuberculosis var. bovis AF2122/97,bTB-R1,['aac(2\\)-Ic'],{'aac(2\\)-Ic': 841.13},ST19,90.67,35.33,PacBio,Middlebrook agar,Nextera XT,28
2024-09-25,Blood,Klebsiella pneumoniae,KPN-26,"['blaKPC', 'blaOXA-48']","{'blaKPC': 238.6, 'blaOXA-48': 35.82}",ST40,97.71,31.07,PacBio,Middlebrook agar,TruSeq DNA,22
2024-03-27,CSF,Escherichia coli,ECOLI-R39,['blaCTX-M'],{'blaCTX-M': 760.2},ST38,90.32,37.65,Illumina MiSeq,7H9 broth,Nextera XT,25
2024-03-11,CSF,Mycobacterium tuberculosis var. bovis AF2122/97,bTB-R1,['aac(2\\)-Ic'],{'aac(2\\)-Ic': 529.98},ST12,93.1,36.12,PacBio,Middlebrook agar,TruSeq DNA,41
2024-05-13,Sputum,Mycobacterium tuberculosis var. bovis AF2122/97,bTB-R1,['aac(2\\)-Ic'],{'aac(2\\)-Ic': 197.95},ST38,95.52,35.16,PacBio,Lowenstein-Jensen,Ligation Sequencing Kit,19
2024-09-01,Lung Biopsy,Mycobacterium tuberculosis var. bovis AF2122/97,bTB-R1,['aac(2\\)-Ic'],{'aac(2\\)-Ic': 725.42},ST17,98.95,34.64,PacBio,7H9 broth,Ligation Sequencing Kit,34
2024-05-31,Blood,Methicillin-Resistant Staphylococcus aureus,MRSA-25,['mecA'],{'mecA': 100.28},ST50,97.06,32.02,Illumina MiSeq,Lowenstein-Jensen,Ligation Sequencing Kit,46
2024-05-02,CSF,Pseudomonas aeruginosa,PAE-R37,['mexA'],{'mexA': 870.13},ST13,93.77,37.68,PacBio,7H9 broth,TruSeq DNA,35
2024-11-30,CSF,Mycobacterium tuberculosis var. bovis AF2122/97,bTB-R1,['aac(2\\)-Ic'],{'aac(2\\)-Ic': 502.65},ST41,92.01,36.23,Illumina MiSeq,7H9 broth,Nextera XT,48
2024-11-07,CSF,Mycobacterium tuberculosis var. bovis AF2122/97,bTB-R1,['aac(2\\)-Ic'],{'aac(2\\)-Ic': 561.97},ST23,90.07,38.82,Oxford Nanopore,7H9 broth,Ligation Sequencing Kit,37
2024-09-03,Blood,Escherichia coli,ECOLI-40,['blaCTX-M'],{'blaCTX-M': 675.37},ST48,95.97,33.31,Illumina MiSeq,Middlebrook agar,Ligation Sequencing Kit,44
2024-07-15,Sputum,Mycobacterium tuberculosis var. bovis AF2122/97,bTB-R1,['aac(2\\)-Ic'],{'aac(2\\)-Ic': 476.11},ST17,90.67,34.27,Oxford Nanopore,Lowenstein-Jensen,TruSeq DNA,44
2024-04-28,Lung Biopsy,Mycobacterium tuberculosis var. bovis AF2122/97,bTB-R1,['aac(2\\)-Ic'],{'aac(2\\)-Ic': 691.77},ST28,97.22,36.29,PacBio,7H9 broth,Nextera XT,36
2024-10-03,Blood,Klebsiella pneumoniae,KPN-R27,"['blaCTX-M', 'blaKPC']","{'blaCTX-M': 297.58, 'blaKPC': 201.62}",ST39,96.26,34.93,PacBio,Lowenstein-Jensen,Ligation Sequencing Kit,41
2024-11-18,Sputum,Pseudomonas aeruginosa,PAE-R38,"['mexA', 'oprD']","{'mexA': 688.98, 'oprD': 347.95}",ST49,96.34,36.9,PacBio,Middlebrook agar,Nextera XT,18
2024-11-04,Blood,Mycobacterium tuberculosis var. bovis AF2122/97,bTB-R1,['aac(2\\)-Ic'],{'aac(2\\)-Ic': 467.85},ST36,94.77,36.27,Oxford Nanopore,7H9 broth,Ligation Sequencing Kit,22
2024-09-09,Sputum,Mycobacterium tuberculosis var. bovis AF2122/97,bTB-R1,['aac(2\\)-Ic'],{'aac(2\\)-Ic': 381.49},ST44,99.6,32.8,PacBio,Lowenstein-Jensen,TruSeq DNA,20
2024-08-14,Sputum,Mycobacterium tuberculosis var. bovis AF2122/97,bTB-R1,['aac(2\\)-Ic'],{'aac(2\\)-Ic': 831.16},ST29,92.69,30.87,PacBio,Lowenstein-Jensen,Ligation Sequencing Kit,19
2024-03-09,Blood,Mycobacterium tuberculosis var. bovis AF2122/97,bTB-R1,['aac(2\\)-Ic'],{'aac(2\\)-Ic': 346.71},ST40,90.25,34.83,Illumina MiSeq,7H9 broth,TruSeq DNA,34
2024-10-19,Sputum,Mycobacterium tuberculosis var. bovis AF2122/97,bTB-R1,['aac(2\\)-Ic'],{'aac(2\\)-Ic': 317.87},ST12,90.36,33.88,PacBio,7H9 broth,Nextera XT,41
2024-06-22,Sputum,Mycobacterium tuberculosis var. bovis AF2122/97,bTB-R1,['aac(2\\)-Ic'],{'aac(2\\)-Ic': 200.62},ST27,97.51,36.39,PacBio,Lowenstein-Jensen,Nextera XT,36
2024-07-30,Lung Biopsy,Mycobacterium tuberculosis var. bovis AF2122/97,bTB-R1,['aac(2\\)-Ic'],{'aac(2\\)-Ic': 278.34},ST28,95.09,32.07,Illumina MiSeq,7H9 broth,Ligation Sequencing Kit,35
2024-04-18,Blood,Mycobacterium tuberculosis var. bovis AF2122/97,bTB-R1,['aac(2\\)-Ic'],{'aac(2\\)-Ic': 432.2},ST21,98.94,30.5,Illumina MiSeq,7H9 broth,Nextera XT,33
2024-05-30,Lung Biopsy,Methicillin-Resistant Staphylococcus aureus,MRSA-26,"['blaZ', 'mecA']","{'blaZ': 947.97, 'mecA': 152.28}",ST26,91.3,38.13,PacBio,7H9 broth,TruSeq DNA,36
2024-10-09,Blood,Methicillin-Resistant Staphylococcus aureus,MRSA-R27,"['mecA', 'blaZ']","{'mecA': 355.13, 'blaZ': 578.93}",ST35,94.71,33.51,Oxford Nanopore,Lowenstein-Jensen,Nextera XT,20
2024-03-28,Blood,Methicillin-Resistant Staphylococcus aureus,MRSA-R28,"['blaZ', 'mecA']","{'blaZ': 549.08, 'mecA': 243.79}",ST14,96.15,35.48,Oxford Nanopore,Middlebrook agar,TruSeq DNA,25
2024-11-01,Sputum,Mycobacterium tuberculosis var. bovis AF2122/97,bTB-R1,['aac(2\\)-Ic'],{'aac(2\\)-Ic': 385.12},ST41,95.92,36.86,Illumina MiSeq,Lowenstein-Jensen,TruSeq DNA,20
2024-10-18,Lung Biopsy,Methicillin-Resistant Staphylococcus aureus,MRSA-29,"['blaZ', 'mecA']","{'blaZ': 919.32, 'mecA': 937.31}",ST32,94.48,32.92,Illumina MiSeq,7H9 broth,Ligation Sequencing Kit,22
2024-06-23,Lung Biopsy,Pseudomonas aeruginosa,PAE-39,['mexA'],{'mexA': 437.4},ST50,90.53,37.03,Illumina MiSeq,Lowenstein-Jensen,Ligation Sequencing Kit,48
2024-09-25,CSF,Mycobacterium tuberculosis var. bovis AF2122/97,bTB-R1,['aac(2\\)-Ic'],{'aac(2\\)-Ic': 162.72},ST18,91.86,33.85,PacBio,7H9 broth,TruSeq DNA,22
2024-08-09,Sputum,Methicillin-Resistant Staphylococcus aureus,MRSA-R30,"['mecA', 'blaZ']","{'mecA': 514.32, 'blaZ': 556.53}",ST32,90.84,36.42,Oxford Nanopore,Middlebrook agar,TruSeq DNA,22
2024-03-30,Sputum,Mycobacterium tuberculosis var. bovis AF2122/97,bTB-R1,['aac(2\\)-Ic'],{'aac(2\\)-Ic': 978.45},ST46,92.67,39.27,PacBio,7H9 broth,Ligation Sequencing Kit,34
2024-06-26,CSF,Pseudomonas aeruginosa,PAE-R40,"['mexA', 'oprD']","{'mexA': 891.02, 'oprD': 97.56}",ST14,99.74,39.84,Illumina MiSeq,Middlebrook agar,Ligation Sequencing Kit,34
2024-07-22,Sputum,Pseudomonas aeruginosa,PAE-R41,"['mexA', 'oprD']","{'mexA': 923.64, 'oprD': 751.93}",ST46,93.28,33.53,PacBio,Lowenstein-Jensen,Ligation Sequencing Kit,41
2024-09-04,Lung Biopsy,Klebsiella pneumoniae,KPN-R28,"['blaOXA-48', 'blaKPC']","{'blaOXA-48': 619.64, 'blaKPC': 282.46}",ST17,90.27,34.85,PacBio,Lowenstein-Jensen,Ligation Sequencing Kit,37
2024-03-24,Lung Biopsy,Mycobacterium tuberculosis var. bovis AF2122/97,bTB-R1,['aac(2\\)-Ic'],{'aac(2\\)-Ic': 599.59},ST19,95.22,30.33,Illumina MiSeq,Lowenstein-Jensen,Nextera XT,43
2024-08-05,CSF,Pseudomonas aeruginosa,PAE-R42,"['mexA', 'oprD']","{'mexA': 175.92, 'oprD': 404.76}",ST44,98.33,30.54,Illumina MiSeq,7H9 broth,Ligation Sequencing Kit,41
2024-10-14,Blood,Mycobacterium tuberculosis var. bovis AF2122/97,bTB-R1,['aac(2\\)-Ic'],{'aac(2\\)-Ic': 686.05},ST12,97.89,33.82,Oxford Nanopore,7H9 broth,TruSeq DNA,47
2024-08-25,Blood,Mycobacterium tuberculosis var. bovis AF2122/97,bTB-R1,['aac(2\\)-Ic'],{'aac(2\\)-Ic': 736.97},ST47,95.78,34.61,Oxford Nanopore,7H9 broth,TruSeq DNA,38
2024-11-15,Sputum,Mycobacterium tuberculosis var. bovis AF2122/97,bTB-R1,['aac(2\\)-Ic'],{'aac(2\\)-Ic': 290.46},ST22,95.2,36.85,Illumina MiSeq,7H9 broth,TruSeq DNA,21
2024-10-07,Lung Biopsy,Mycobacterium tuberculosis var. bovis AF2122/97,bTB-R1,['aac(2\\)-Ic'],{'aac(2\\)-Ic': 651.43},ST21,98.48,31.3,Illumina MiSeq,Middlebrook agar,Nextera XT,20
2024-11-01,CSF,Mycobacterium tuberculosis var. bovis AF2122/97,bTB-R1,['aac(2\\)-Ic'],{'aac(2\\)-Ic': 782.92},ST27,94.23,39.03,PacBio,Lowenstein-Jensen,TruSeq DNA,42
2024-04-26,Sputum,Mycobacterium tuberculosis var. bovis AF2122/97,bTB-R1,['aac(2\\)-Ic'],{'aac(2\\)-Ic': 497.14},ST19,99.7,32.01,Illumina MiSeq,Lowenstein-Jensen,Nextera XT,33
2024-05-16,Blood,Methicillin-Resistant Staphylococcus aureus,MRSA-31,"['mexA', 'oprD']","{'mexA': 933.56, 'oprD': 667.96}",ST31,92.48,34.46,Illumina MiSeq,7H9 broth,Ligation Sequencing Kit,41
2024-10-17,CSF,Methicillin-Resistant Staphylococcus aureus,MRSA-32,"['mexA', 'oprD']","{'mexA': 991.69, 'oprD': 340.11}",ST13,92.24,33.84,Oxford Nanopore,Middlebrook agar,Nextera XT,35
2024-06-02,CSF,Mycobacterium tuberculosis var. bovis AF2122/97,bTB-R1,['aac(2\\)-Ic'],{'aac(2\\)-Ic': 396.2},ST16,90.39,33.84,PacBio,7H9 broth,Nextera XT,35
2024-11-11,CSF,Methicillin-Resistant Staphylococcus aureus,MRSA-R33,"['blaZ', 'mecA']","{'blaZ': 966.91, 'mecA': 26.25}",ST31,97.13,35.93,Illumina MiSeq,7H9 broth,Nextera XT,18
2024-11-09,CSF,Mycobacterium tuberculosis var. bovis AF2122/97,bTB-R1,['aac(2\\)-Ic'],{'aac(2\\)-Ic': 28.87},ST49,99.16,30.37,Illumina MiSeq,Middlebrook agar,Ligation Sequencing Kit,25
2024-08-12,Lung Biopsy,Mycobacterium tuberculosis var. bovis AF2122/97,bTB-R1,['aac(2\\)-Ic'],{'aac(2\\)-Ic': 599.03},ST49,91.69,35.91,Oxford Nanopore,7H9 broth,TruSeq DNA,37
2024-07-15,Blood,Klebsiella pneumoniae,KPN-R29,['blaKPC'],{'blaKPC': 597.15},ST17,99.66,35.76,PacBio,Lowenstein-Jensen,TruSeq DNA,21
2024-07-10,Blood,Methicillin-Resistant Staphylococcus aureus,MRSA-R34,"['mecA', 'blaZ']","{'mecA': 492.1, 'blaZ': 16.29}",ST15,91.32,37.91,Oxford Nanopore,7H9 broth,Ligation Sequencing Kit,19
2024-08-26,Lung Biopsy,Escherichia coli,ECOLI-R41,['aac(3)-IIa'],{'aac(3)-IIa': 354.38},ST25,94.08,39.38,PacBio,Lowenstein-Jensen,Ligation Sequencing Kit,32
2024-03-23,Blood,Mycobacterium tuberculosis var. bovis AF2122/97,bTB-R1,['aac(2\\)-Ic'],{'aac(2\\)-Ic': 798.65},ST40,96.2,32.08,PacBio,7H9 broth,TruSeq DNA,42
2024-09-03,Sputum,Mycobacterium tuberculosis var. bovis AF2122/97,bTB-R1,['aac(2\\)-Ic'],{'aac(2\\)-Ic': 743.01},ST44,92.49,36.17,Oxford Nanopore,Lowenstein-Jensen,Nextera XT,31
2024-06-19,Sputum,Mycobacterium tuberculosis var. bovis AF2122/97,bTB-R1,['aac(2\\)-Ic'],{'aac(2\\)-Ic': 237.76},ST17,93.23,31.99,PacBio,Lowenstein-Jensen,Ligation Sequencing Kit,36
2024-07-17,CSF,Methicillin-Resistant Staphylococcus aureus,MRSA-35,"['mecA', 'blaZ']","{'mecA': 379.75, 'blaZ': 463.16}",ST32,95.79,30.54,Oxford Nanopore,7H9 broth,Nextera XT,33
2024-09-13,Sputum,Mycobacterium tuberculosis var. bovis AF2122/97,bTB-R1,['aac(2\\)-Ic'],{'aac(2\\)-Ic': 227.66},ST28,98.43,34.59,Illumina MiSeq,Lowenstein-Jensen,Nextera XT,21
2024-04-24,CSF,Mycobacterium tuberculosis var. bovis AF2122/97,bTB-R1,['aac(2\\)-Ic'],{'aac(2\\)-Ic': 254.19},ST30,98.29,32.79,Oxford Nanopore,7H9 broth,Ligation Sequencing Kit,33
2024-05-08,Sputum,Methicillin-Resistant Staphylococcus aureus,MRSA-R36,['blaZ'],{'blaZ': 500.33},ST10,94.99,34.26,Illumina MiSeq,Lowenstein-Jensen,Ligation Sequencing Kit,42
2024-04-09,Blood,Mycobacterium tuberculosis var. bovis AF2122/97,bTB-R1,['aac(2\\)-Ic'],{'aac(2\\)-Ic': 34.17},ST39,93.02,37.03,Illumina MiSeq,7H9 broth,TruSeq DNA,39
2024-07-17,Blood,Mycobacterium tuberculosis var. bovis AF2122/97,bTB-R1,['aac(2\\)-Ic'],{'aac(2\\)-Ic': 42.39},ST37,96.21,33.85,PacBio,Middlebrook agar,Nextera XT,45
2024-06-14,Blood,Methicillin-Resistant Staphylococcus aureus,MRSA-R37,['mecA'],{'mecA': 565.15},ST18,90.51,33.83,PacBio,Middlebrook agar,TruSeq DNA,46
2024-10-31,CSF,Mycobacterium tuberculosis var. bovis AF2122/97,bTB-R1,['aac(2\\)-Ic'],{'aac(2\\)-Ic': 428.7},ST13,92.23,33.53,PacBio,7H9 broth,Ligation Sequencing Kit,42
2024-05-16,CSF,Pseudomonas aeruginosa,PAE-R43,['mexA'],{'mexA': 892.98},ST15,96.72,35.33,Illumina MiSeq,Lowenstein-Jensen,Ligation Sequencing Kit,35
2024-09-26,Sputum,Mycobacterium tuberculosis var. bovis AF2122/97,bTB-R1,['aac(2\\)-Ic'],{'aac(2\\)-Ic': 422.37},ST44,91.49,32.04,Illumina MiSeq,Middlebrook agar,Nextera XT,33
2024-06-18,CSF,Mycobacterium tuberculosis var. bovis AF2122/97,bTB-R1,['aac(2\\)-Ic'],{'aac(2\\)-Ic': 417.57},ST31,90.22,38.02,Illumina MiSeq,Lowenstein-Jensen,Nextera XT,20
2024-09-18,CSF,Mycobacterium tuberculosis var. bovis AF2122/97,bTB-R1,['aac(2\\)-Ic'],{'aac(2\\)-Ic': 772.05},ST13,97.81,32.27,PacBio,7H9 broth,TruSeq DNA,23
2024-08-03,Lung Biopsy,Mycobacterium tuberculosis var. bovis AF2122/97,bTB-R1,['aac(2\\)-Ic'],{'aac(2\\)-Ic': 796.51},ST20,99.63,38.39,PacBio,Middlebrook agar,TruSeq DNA,23
2024-09-19,Lung Biopsy,Pseudomonas aeruginosa,PAE-44,['oprD'],{'oprD': 130.28},ST41,97.0,36.66,Oxford Nanopore,7H9 broth,Nextera XT,35
2024-06-12,Sputum,Mycobacterium tuberculosis var. bovis AF2122/97,bTB-R1,['aac(2\\)-Ic'],{'aac(2\\)-Ic': 801.58},ST38,92.93,38.96,PacBio,Lowenstein-Jensen,Ligation Sequencing Kit,40
2024-03-08,Lung Biopsy,Mycobacterium tuberculosis var. bovis AF2122/97,bTB-R1,['aac(2\\)-Ic'],{'aac(2\\)-Ic': 64.48},ST22,96.11,32.2,Illumina MiSeq,Lowenstein-Jensen,Nextera XT,30
2024-11-04,Sputum,Mycobacterium tuberculosis var. bovis AF2122/97,bTB-R1,['aac(2\\)-Ic'],{'aac(2\\)-Ic': 607.14},ST42,90.87,35.12,Oxford Nanopore,Middlebrook agar,Ligation Sequencing Kit,48
2024-09-22,CSF,Escherichia coli,ECOLI-R42,"['aac(3)-IIa', 'blaCTX-M']","{'aac(3)-IIa': 172.15, 'blaCTX-M': 730.72}",ST36,93.48,39.78,Oxford Nanopore,7H9 broth,TruSeq DNA,29
2024-04-10,Blood,Mycobacterium tuberculosis var. bovis AF2122/97,bTB-R1,['aac(2\\)-Ic'],{'aac(2\\)-Ic': 420.37},ST45,93.72,30.07,Oxford Nanopore,7H9 broth,Ligation Sequencing Kit,42
2024-07-21,CSF,Mycobacterium tuberculosis var. bovis AF2122/97,bTB-R1,['aac(2\\)-Ic'],{'aac(2\\)-Ic': 793.31},ST19,95.79,34.94,Oxford Nanopore,7H9 broth,TruSeq DNA,44
2024-03-31,Blood,Mycobacterium tuberculosis var. bovis AF2122/97,bTB-R1,['aac(2\\)-Ic'],{'aac(2\\)-Ic': 76.06},ST33,90.28,37.65,Oxford Nanopore,Middlebrook agar,Ligation Sequencing Kit,25
2024-06-03,CSF,Mycobacterium tuberculosis var. bovis AF2122/97,bTB-R1,['aac(2\\)-Ic'],{'aac(2\\)-Ic': 326.48},ST18,90.17,32.6,Oxford Nanopore,Middlebrook agar,Ligation Sequencing Kit,36
2024-09-08,Blood,Mycobacterium tuberculosis var. bovis AF2122/97,bTB-R1,['aac(2\\)-Ic'],{'aac(2\\)-Ic': 631.75},ST16,95.24,39.36,Oxford Nanopore,7H9 broth,TruSeq DNA,27
2024-03-20,Blood,Klebsiella pneumoniae,KPN-30,"['blaOXA-48', 'blaKPC']","{'blaOXA-48': 346.91, 'blaKPC': 911.68}",ST19,95.29,33.52,PacBio,Middlebrook agar,TruSeq DNA,21
2024-08-08,Sputum,Pseudomonas aeruginosa,PAE-45,"['mexA', 'oprD']","{'mexA': 38.47, 'oprD': 816.43}",ST19,90.17,33.48,Illumina MiSeq,7H9 broth,Nextera XT,47
2024-07-01,Lung Biopsy,Escherichia coli,ECOLI-43,['aac(3)-IIa'],{'aac(3)-IIa': 127.73},ST14,97.67,37.57,PacBio,7H9 broth,Nextera XT,18
2024-03-21,Sputum,Mycobacterium tuberculosis var. bovis AF2122/97,bTB-R1,['aac(2\\)-Ic'],{'aac(2\\)-Ic': 354.36},ST20,93.48,30.91,PacBio,7H9 broth,Nextera XT,39
2024-03-19,Sputum,Mycobacterium tuberculosis var. bovis AF2122/97,bTB-R1,['aac(2\\)-Ic'],{'aac(2\\)-Ic': 728.1},ST23,91.9,32.82,Illumina MiSeq,Middlebrook agar,Nextera XT,40
2024-04-08,Lung Biopsy,Mycobacterium tuberculosis var. bovis AF2122/97,bTB-R1,['aac(2\\)-Ic'],{'aac(2\\)-Ic': 984.77},ST17,94.2,35.14,Illumina MiSeq,7H9 broth,TruSeq DNA,30
2024-10-28,CSF,Escherichia coli,ECOLI-R44,"['aac(3)-IIa', 'blaCTX-M']","{'aac(3)-IIa': 558.38, 'blaCTX-M': 297.68}",ST22,90.4,33.28,PacBio,Lowenstein-Jensen,Ligation Sequencing Kit,41
2024-10-11,Sputum,Mycobacterium tuberculosis var. bovis AF2122/97,bTB-R1,['aac(2\\)-Ic'],{'aac(2\\)-Ic': 406.62},ST47,95.17,36.77,PacBio,7H9 broth,TruSeq DNA,32
2024-07-16,Lung Biopsy,Mycobacterium tuberculosis var. bovis AF2122/97,bTB-R1,['aac(2\\)-Ic'],{'aac(2\\)-Ic': 768.31},ST47,98.3,37.25,PacBio,Lowenstein-Jensen,Nextera XT,25
2024-11-05,CSF,Mycobacterium tuberculosis var. bovis AF2122/97,bTB-R1,['aac(2\\)-Ic'],{'aac(2\\)-Ic': 143.26},ST16,91.21,34.89,Oxford Nanopore,7H9 broth,TruSeq DNA,21
2024-04-08,Sputum,Mycobacterium tuberculosis var. bovis AF2122/97,bTB-R1,['aac(2\\)-Ic'],{'aac(2\\)-Ic': 524.75},ST41,93.0,36.23,PacBio,Middlebrook agar,TruSeq DNA,22
2024-05-20,CSF,Mycobacterium tuberculosis var. bovis AF2122/97,bTB-R1,['aac(2\\)-Ic'],{'aac(2\\)-Ic': 881.32},ST17,98.51,35.47,Oxford Nanopore,Middlebrook agar,TruSeq DNA,43
2024-05-17,CSF,Mycobacterium tuberculosis var. bovis AF2122/97,bTB-R1,['aac(2\\)-Ic'],{'aac(2\\)-Ic': 436.37},ST29,96.53,37.79,Illumina MiSeq,7H9 broth,Nextera XT,35
2024-05-23,CSF,Mycobacterium tuberculosis var. bovis AF2122/97,bTB-R1,['aac(2\\)-Ic'],{'aac(2\\)-Ic': 270.76},ST47,94.71,38.54,PacBio,Middlebrook agar,Ligation Sequencing Kit,33
2024-06-03,Sputum,Mycobacterium tuberculosis var. bovis AF2122/97,bTB-R1,['aac(2\\)-Ic'],{'aac(2\\)-Ic': 106.38},ST32,98.01,35.84,Illumina MiSeq,7H9 broth,TruSeq DNA,29
2024-07-19,Lung Biopsy,Pseudomonas aeruginosa,PAE-46,"['mexA', 'oprD']","{'mexA': 661.19, 'oprD': 428.25}",ST36,99.01,30.66,PacBio,Lowenstein-Jensen,Ligation Sequencing Kit,20
2024-06-12,Sputum,Mycobacterium tuberculosis var. bovis AF2122/97,bTB-R1,['aac(2\\)-Ic'],{'aac(2\\)-Ic': 342.61},ST42,90.97,34.88,PacBio,Lowenstein-Jensen,TruSeq DNA,36
2024-10-15,CSF,Mycobacterium tuberculosis var. bovis AF2122/97,bTB-R1,['aac(2\\)-Ic'],{'aac(2\\)-Ic': 233.63},ST15,92.84,30.48,PacBio,7H9 broth,Ligation Sequencing Kit,24
2024-05-11,CSF,Mycobacterium tuberculosis var. bovis AF2122/97,bTB-R1,['aac(2\\)-Ic'],{'aac(2\\)-Ic': 320.22},ST36,92.99,38.04,Oxford Nanopore,7H9 broth,Ligation Sequencing Kit,44
2024-04-24,Lung Biopsy,Methicillin-Resistant Staphylococcus aureus,MRSA-R38,"['mecA', 'blaZ']","{'mecA': 370.63, 'blaZ': 156.27}",ST29,94.94,36.61,PacBio,Middlebrook agar,Nextera XT,36
2024-11-18,Sputum,Mycobacterium tuberculosis var. bovis AF2122/97,bTB-R1,['aac(2\\)-Ic'],{'aac(2\\)-Ic': 122.42},ST22,91.59,36.87,Oxford Nanopore,Lowenstein-Jensen,TruSeq DNA,38
2024-11-22,CSF,Pseudomonas aeruginosa,PAE-R47,"['mexA', 'oprD']","{'mexA': 555.2, 'oprD': 647.85}",ST41,91.58,31.36,Oxford Nanopore,Middlebrook agar,Nextera XT,24
2024-10-02,Blood,Mycobacterium tuberculosis var. bovis AF2122/97,bTB-R1,['aac(2\\)-Ic'],{'aac(2\\)-Ic': 575.26},ST42,98.77,33.97,Oxford Nanopore,Lowenstein-Jensen,Ligation Sequencing Kit,39
2024-07-25,Lung Biopsy,Klebsiella pneumoniae,KPN-R31,"['blaCTX-M', 'blaKPC']","{'blaCTX-M': 115.75, 'blaKPC': 221.97}",ST36,93.86,37.48,Oxford Nanopore,Lowenstein-Jensen,Ligation Sequencing Kit,41
2024-07-26,Blood,Klebsiella pneumoniae,KPN-R32,"['blaKPC', 'blaOXA-48']","{'blaKPC': 843.06, 'blaOXA-48': 665.6}",ST25,96.76,39.63,Oxford Nanopore,Middlebrook agar,TruSeq DNA,33
2024-06-23,Blood,Methicillin-Resistant Staphylococcus aureus,MRSA-R39,"['mecA', 'blaZ']","{'mecA': 304.45, 'blaZ': 860.82}",ST38,94.38,30.08,Illumina MiSeq,Middlebrook agar,Nextera XT,45
2024-06-18,Sputum,Escherichia coli,ECOLI-R45,['aac(3)-IIa'],{'aac(3)-IIa': 426.66},ST45,98.33,37.17,Oxford Nanopore,Middlebrook agar,TruSeq DNA,47
2024-10-07,Sputum,Mycobacterium tuberculosis var. bovis AF2122/97,bTB-R1,['aac(2\\)-Ic'],{'aac(2\\)-Ic': 320.58},ST15,96.35,30.03,Illumina MiSeq,Middlebrook agar,TruSeq DNA,43
2024-08-10,Lung Biopsy,Pseudomonas aeruginosa,PAE-48,"['oprD', 'mexA']","{'oprD': 93.55, 'mexA': 373.92}",ST34,94.74,37.35,PacBio,Lowenstein-Jensen,TruSeq DNA,32
2024-03-08,Lung Biopsy,Methicillin-Resistant Staphylococcus aureus,MRSA-R40,"['mecA', 'blaZ']","{'mecA': 958.45, 'blaZ': 178.42}",ST10,91.67,34.01,Illumina MiSeq,Lowenstein-Jensen,Ligation Sequencing Kit,45
2024-09-01,CSF,Pseudomonas aeruginosa,PAE-R49,"['mexA', 'oprD']","{'mexA': 995.26, 'oprD': 290.14}",ST36,98.53,37.82,PacBio,7H9 broth,Nextera XT,48
2024-05-13,Blood,Mycobacterium tuberculosis var. bovis AF2122/97,bTB-R1,['aac(2\\)-Ic'],{'aac(2\\)-Ic': 141.87},ST30,95.77,36.47,PacBio,Lowenstein-Jensen,Nextera XT,29
2024-11-09,CSF,Mycobacterium tuberculosis var. bovis AF2122/97,bTB-R1,['aac(2\\)-Ic'],{'aac(2\\)-Ic': 360.76},ST48,90.58,33.33,Oxford Nanopore,7H9 broth,Nextera XT,35
2024-10-04,CSF,Klebsiella pneumoniae,KPN-R33,"['blaOXA-48', 'blaKPC']","{'blaOXA-48': 98.75, 'blaKPC': 713.15}",ST26,98.83,30.41,PacBio,Lowenstein-Jensen,Nextera XT,48
2024-06-24,CSF,Mycobacterium tuberculosis var. bovis AF2122/97,bTB-R1,['aac(2\\)-Ic'],{'aac(2\\)-Ic': 441.42},ST20,98.94,32.63,PacBio,Lowenstein-Jensen,TruSeq DNA,27
2024-10-06,CSF,Methicillin-Resistant Staphylococcus aureus,MRSA-R41,"['mecA', 'blaZ']","{'mecA': 362.95, 'blaZ': 711.94}",ST41,90.36,32.6,Illumina MiSeq,7H9 broth,Nextera XT,23
2024-03-08,Sputum,Mycobacterium tuberculosis var. bovis AF2122/97,bTB-R1,['aac(2\\)-Ic'],{'aac(2\\)-Ic': 587.71},ST10,98.14,35.63,Illumina MiSeq,7H9 broth,Ligation Sequencing Kit,34
2024-06-20,Lung Biopsy,Mycobacterium tuberculosis var. bovis AF2122/97,bTB-R1,['aac(2\\)-Ic'],{'aac(2\\)-Ic': 594.44},ST16,92.81,39.81,PacBio,7H9 broth,TruSeq DNA,18
2024-09-27,CSF,Escherichia coli,ECOLI-R46,"['blaCTX-M', 'blaKPC']","{'blaCTX-M': 626.14, 'blaKPC': 458.57}",ST46,99.46,35.94,PacBio,Lowenstein-Jensen,TruSeq DNA,38
2024-05-18,Blood,Pseudomonas aeruginosa,PAE-50,"['blaCTX-M', 'blaKPC']","{'blaCTX-M': 866.86, 'blaKPC': 98.3}",ST20,95.96,30.93,PacBio,7H9 broth,Ligation Sequencing Kit,48
2024-04-03,Lung Biopsy,Klebsiella pneumoniae,KPN-R34,"['blaCTX-M', 'blaKPC']","{'blaCTX-M': 373.78, 'blaKPC': 207.87}",ST34,99.12,39.04,Oxford Nanopore,Lowenstein-Jensen,Ligation Sequencing Kit,43
2024-03-24,CSF,Mycobacterium tuberculosis var. bovis AF2122/97,bTB-R1,['aac(2\\)-Ic'],{'aac(2\\)-Ic': 679.68},ST19,94.22,30.4,PacBio,7H9 broth,TruSeq DNA,38
2024-10-24,CSF,Mycobacterium tuberculosis var. bovis AF2122/97,bTB-R1,['aac(2\\)-Ic'],{'aac(2\\)-Ic': 572.85},ST45,98.94,38.42,Oxford Nanopore,7H9 broth,Nextera XT,39
2024-04-10,CSF,Mycobacterium tuberculosis var. bovis AF2122/97,bTB-R1,['aac(2\\)-Ic'],{'aac(2\\)-Ic': 508.41},ST17,98.05,33.55,Oxford Nanopore,Middlebrook agar,Ligation Sequencing Kit,36
2024-08-29,CSF,Mycobacterium tuberculosis var. bovis AF2122/97,bTB-R1,['aac(2\\)-Ic'],{'aac(2\\)-Ic': 809.76},ST31,95.81,34.55,Oxford Nanopore,Middlebrook agar,TruSeq DNA,28
2024-03-28,Blood,Mycobacterium tuberculosis var. bovis AF2122/97,bTB-R1,['aac(2\\)-Ic'],{'aac(2\\)-Ic': 465.56},ST35,90.06,31.17,Illumina MiSeq,Lowenstein-Jensen,Ligation Sequencing Kit,18
2024-03-31,CSF,Mycobacterium tuberculosis var. bovis AF2122/97,bTB-R1,['aac(2\\)-Ic'],{'aac(2\\)-Ic': 860.42},ST23,91.89,38.16,Illumina MiSeq,7H9 broth,Nextera XT,18
2024-05-16,Lung Biopsy,Klebsiella pneumoniae,KPN-R35,"['blaOXA-48', 'blaKPC']","{'blaOXA-48': 861.2, 'blaKPC': 589.37}",ST46,90.22,31.66,Oxford Nanopore,7H9 broth,TruSeq DNA,31
2024-03-28,Sputum,Mycobacterium tuberculosis var. bovis AF2122/97,bTB-R1,['aac(2\\)-Ic'],{'aac(2\\)-Ic': 405.68},ST42,95.73,37.31,Oxford Nanopore,Lowenstein-Jensen,TruSeq DNA,41
2024-04-17,Sputum,Mycobacterium tuberculosis var. bovis AF2122/97,bTB-R1,['aac(2\\)-Ic'],{'aac(2\\)-Ic': 626.47},ST32,98.84,34.17,Oxford Nanopore,Middlebrook agar,Nextera XT,26
2024-04-05,Blood,Pseudomonas aeruginosa,PAE-R51,"['mexA', 'oprD']","{'mexA': 725.77, 'oprD': 396.47}",ST33,95.03,35.88,Oxford Nanopore,Lowenstein-Jensen,TruSeq DNA,25
2024-07-22,Sputum,Methicillin-Resistant Staphylococcus aureus,MRSA-R42,['mecA'],{'mecA': 561.26},ST32,96.0,31.01,Illumina MiSeq,7H9 broth,Nextera XT,23
2024-10-10,Sputum,Methicillin-Resistant Staphylococcus aureus,MRSA-R43,"['mecA', 'blaZ']","{'mecA': 897.35, 'blaZ': 854.87}",ST48,92.24,35.62,Oxford Nanopore,Lowenstein-Jensen,Nextera XT,37
2024-10-03,CSF,Mycobacterium tuberculosis var. bovis AF2122/97,bTB-R1,['aac(2\\)-Ic'],{'aac(2\\)-Ic': 114.36},ST50,98.5,31.02,Illumina MiSeq,Middlebrook agar,Ligation Sequencing Kit,43
2024-07-30,Blood,Pseudomonas aeruginosa,PAE-R52,"['mexA', 'oprD']","{'mexA': 209.87, 'oprD': 969.94}",ST10,90.98,36.47,PacBio,Lowenstein-Jensen,Ligation Sequencing Kit,45
2024-05-05,Lung Biopsy,Mycobacterium tuberculosis var. bovis AF2122/97,bTB-R1,['aac(2\\)-Ic'],{'aac(2\\)-Ic': 235.9},ST37,96.23,32.45,Oxford Nanopore,Middlebrook agar,TruSeq DNA,29
2024-04-24,Blood,Mycobacterium tuberculosis var. bovis AF2122/97,bTB-R1,['aac(2\\)-Ic'],{'aac(2\\)-Ic': 982.13},ST20,95.12,30.7,Illumina MiSeq,7H9 broth,Ligation Sequencing Kit,43
2024-05-10,Sputum,Pseudomonas aeruginosa,PAE-R53,"['oprD', 'mexA']","{'oprD': 17.82, 'mexA': 286.98}",ST19,99.7,37.99,Illumina MiSeq,Middlebrook agar,Nextera XT,38
2024-03-11,CSF,Pseudomonas aeruginosa,PAE-R54,['oprD'],{'oprD': 221.6},ST29,92.99,30.37,PacBio,Lowenstein-Jensen,Nextera XT,46
2024-07-23,Sputum,Mycobacterium tuberculosis var. bovis AF2122/97,bTB-R1,['aac(2\\)-Ic'],{'aac(2\\)-Ic': 69.35},ST33,97.66,37.27,PacBio,Lowenstein-Jensen,Nextera XT,44
2024-03-11,Sputum,Klebsiella pneumoniae,KPN-R36,"['blaCTX-M', 'blaKPC']","{'blaCTX-M': 786.94, 'blaKPC': 717.71}",ST34,93.36,32.36,PacBio,Middlebrook agar,Nextera XT,32
2024-08-15,Lung Biopsy,Mycobacterium tuberculosis var. bovis AF2122/97,bTB-R1,['aac(2\\)-Ic'],{'aac(2\\)-Ic': 889.62},ST40,94.21,34.12,Oxford Nanopore,7H9 broth,Nextera XT,40
2024-09-10,CSF,Mycobacterium tuberculosis var. bovis AF2122/97,bTB-R1,['aac(2\\)-Ic'],{'aac(2\\)-Ic': 948.34},ST36,94.94,34.23,PacBio,Lowenstein-Jensen,TruSeq DNA,36
2024-05-27,CSF,Mycobacterium tuberculosis var. bovis AF2122/97,bTB-R1,['aac(2\\)-Ic'],{'aac(2\\)-Ic': 749.03},ST45,95.24,36.94,Illumina MiSeq,Middlebrook agar,Ligation Sequencing Kit,45
2024-07-10,Sputum,Pseudomonas aeruginosa,PAE-R55,['mexA'],{'mexA': 785.95},ST29,91.17,33.05,Oxford Nanopore,7H9 broth,Ligation Sequencing Kit,22
2024-04-03,CSF,Mycobacterium tuberculosis var. bovis AF2122/97,bTB-R1,['aac(2\\)-Ic'],{'aac(2\\)-Ic': 901.28},ST34,90.44,34.81,PacBio,Lowenstein-Jensen,Nextera XT,45
2024-06-27,CSF,Methicillin-Resistant Staphylococcus aureus,MRSA-R44,"['mecA', 'blaZ']","{'mecA': 738.55, 'blaZ': 649.46}",ST11,97.21,30.89,PacBio,Lowenstein-Jensen,Nextera XT,45
2024-07-30,Sputum,Mycobacterium tuberculosis var. bovis AF2122/97,bTB-R1,['aac(2\\)-Ic'],{'aac(2\\)-Ic': 28.78},ST23,90.18,36.58,Illumina MiSeq,Lowenstein-Jensen,Ligation Sequencing Kit,46
2024-10-13,Blood,Mycobacterium tuberculosis var. bovis AF2122/97,bTB-R1,['aac(2\\)-Ic'],{'aac(2\\)-Ic': 264.61},ST17,94.33,34.15,Illumina MiSeq,Lowenstein-Jensen,Nextera XT,28
2024-05-17,Lung Biopsy,Mycobacterium tuberculosis var. bovis AF2122/97,bTB-R1,['aac(2\\)-Ic'],{'aac(2\\)-Ic': 716.17},ST29,91.67,36.14,Illumina MiSeq,Lowenstein-Jensen,TruSeq DNA,39
2024-10-05,CSF,Mycobacterium tuberculosis var. bovis AF2122/97,bTB-R1,['aac(2\\)-Ic'],{'aac(2\\)-Ic': 754.87},ST34,92.37,35.97,Oxford Nanopore,7H9 broth,Nextera XT,24
2024-06-30,CSF,Escherichia coli,ECOLI-R47,['blaCTX-M'],{'blaCTX-M': 765.35},ST18,96.27,39.14,Illumina MiSeq,Lowenstein-Jensen,Nextera XT,31
2024-07-07,Lung Biopsy,Mycobacterium tuberculosis var. bovis AF2122/97,bTB-R1,['aac(2\\)-Ic'],{'aac(2\\)-Ic': 10.99},ST39,92.43,39.53,Oxford Nanopore,Middlebrook agar,Nextera XT,43
2024-10-28,CSF,Mycobacterium tuberculosis var. bovis AF2122/97,bTB-R1,['aac(2\\)-Ic'],{'aac(2\\)-Ic': 169.8},ST44,98.34,32.13,Oxford Nanopore,Middlebrook agar,TruSeq DNA,29
2024-06-17,Sputum,Pseudomonas aeruginosa,PAE-R56,"['oprD', 'mexA']","{'oprD': 253.47, 'mexA': 983.19}",ST39,94.28,36.1,PacBio,Middlebrook agar,TruSeq DNA,46
2024-09-30,Sputum,Methicillin-Resistant Staphylococcus aureus,MRSA-R45,['mecA'],{'mecA': 893.65},ST38,94.09,38.95,Illumina MiSeq,7H9 broth,Ligation Sequencing Kit,23
2024-06-02,Blood,Mycobacterium tuberculosis var. bovis AF2122/97,bTB-R1,['aac(2\\)-Ic'],{'aac(2\\)-Ic': 29.58},ST27,93.67,31.93,PacBio,7H9 broth,Nextera XT,32
2024-05-14,Blood,Mycobacterium tuberculosis var. bovis AF2122/97,bTB-R1,['aac(2\\)-Ic'],{'aac(2\\)-Ic': 217.0},ST22,93.59,32.81,Illumina MiSeq,7H9 broth,TruSeq DNA,48
2024-09-28,CSF,Mycobacterium tuberculosis var. bovis AF2122/97,bTB-R1,['aac(2\\)-Ic'],{'aac(2\\)-Ic': 136.96},ST14,96.65,36.03,Illumina MiSeq,Middlebrook agar,Ligation Sequencing Kit,36
2024-06-20,Blood,Mycobacterium tuberculosis var. bovis AF2122/97,bTB-R1,['aac(2\\)-Ic'],{'aac(2\\)-Ic': 432.84},ST13,96.08,36.81,Illumina MiSeq,Middlebrook agar,Ligation Sequencing Kit,35
2024-08-09,Sputum,Klebsiella pneumoniae,KPN-37,"['blaOXA-48', 'blaKPC']","{'blaOXA-48': 397.94, 'blaKPC': 341.36}",ST11,97.51,38.84,Oxford Nanopore,Lowenstein-Jensen,TruSeq DNA,34
2024-06-15,Lung Biopsy,Escherichia coli,ECOLI-R48,"['aac(3)-IIa', 'blaCTX-M']","{'aac(3)-IIa': 116.76, 'blaCTX-M': 245.98}",ST13,90.96,34.8,Oxford Nanopore,7H9 broth,Ligation Sequencing Kit,38
2024-09-28,CSF,Mycobacterium tuberculosis var. bovis AF2122/97,bTB-R1,['aac(2\\)-Ic'],{'aac(2\\)-Ic': 891.18},ST14,90.85,30.61,PacBio,Lowenstein-Jensen,Ligation Sequencing Kit,21
2024-08-05,Blood,Mycobacterium tuberculosis var. bovis AF2122/97,bTB-R1,['aac(2\\)-Ic'],{'aac(2\\)-Ic': 621.13},ST36,90.55,30.52,Oxford Nanopore,7H9 broth,Nextera XT,39
2024-10-08,CSF,Mycobacterium tuberculosis var. bovis AF2122/97,bTB-R1,['aac(2\\)-Ic'],{'aac(2\\)-Ic': 334.91},ST22,96.44,36.76,PacBio,Middlebrook agar,Nextera XT,28
2024-06-02,Sputum,Methicillin-Resistant Staphylococcus aureus,MRSA-46,['mecA'],{'mecA': 136.4},ST42,92.54,34.21,PacBio,7H9 broth,Ligation Sequencing Kit,34
2024-11-05,CSF,Mycobacterium tuberculosis var. bovis AF2122/97,bTB-R1,['aac(2\\)-Ic'],{'aac(2\\)-Ic': 512.04},ST45,95.13,36.58,Oxford Nanopore,Lowenstein-Jensen,TruSeq DNA,18
2024-06-14,Lung Biopsy,Mycobacterium tuberculosis var. bovis AF2122/97,bTB-R1,['aac(2\\)-Ic'],{'aac(2\\)-Ic': 337.83},ST47,94.71,36.92,Illumina MiSeq,Lowenstein-Jensen,Nextera XT,39
2024-06-16,Lung Biopsy,Mycobacterium tuberculosis var. bovis AF2122/97,bTB-R1,['aac(2\\)-Ic'],{'aac(2\\)-Ic': 221.01},ST40,90.04,32.23,Illumina MiSeq,Lowenstein-Jensen,Nextera XT,47
2024-09-04,Lung Biopsy,Pseudomonas aeruginosa,PAE-R57,"['mexA', 'oprD']","{'mexA': 207.13, 'oprD': 291.26}",ST26,90.3,31.15,Oxford Nanopore,7H9 broth,Nextera XT,29
2024-08-02,Lung Biopsy,Mycobacterium tuberculosis var. bovis AF2122/97,bTB-R1,['aac(2\\)-Ic'],{'aac(2\\)-Ic': 218.14},ST39,96.71,33.79,Oxford Nanopore,7H9 broth,Nextera XT,44
2024-06-23,Lung Biopsy,Mycobacterium tuberculosis var. bovis AF2122/97,bTB-R1,['aac(2\\)-Ic'],{'aac(2\\)-Ic': 384.41},ST33,91.43,39.24,Oxford Nanopore,Middlebrook agar,Nextera XT,21
2024-03-17,Lung Biopsy,Klebsiella pneumoniae,KPN-R38,"['blaKPC', 'blaOXA-48']","{'blaKPC': 786.82, 'blaOXA-48': 793.09}",ST20,90.53,37.96,Oxford Nanopore,7H9 broth,TruSeq DNA,25
2024-11-14,CSF,Mycobacterium tuberculosis var. bovis AF2122/97,bTB-R1,['aac(2\\)-Ic'],{'aac(2\\)-Ic': 585.37},ST50,95.2,34.83,Illumina MiSeq,Lowenstein-Jensen,Ligation Sequencing Kit,29
2024-11-11,CSF,Pseudomonas aeruginosa,PAE-R58,"['mexA', 'oprD']","{'mexA': 754.11, 'oprD': 302.1}",ST24,98.8,35.71,Oxford Nanopore,7H9 broth,TruSeq DNA,31
2024-10-25,Blood,Mycobacterium tuberculosis var. bovis AF2122/97,bTB-R1,['aac(2\\)-Ic'],{'aac(2\\)-Ic': 447.27},ST26,97.96,33.17,Oxford Nanopore,Lowenstein-Jensen,TruSeq DNA,29
2024-07-15,Sputum,Mycobacterium tuberculosis var. bovis AF2122/97,bTB-R1,['aac(2\\)-Ic'],{'aac(2\\)-Ic': 335.95},ST29,93.57,35.46,Illumina MiSeq,7H9 broth,Nextera XT,20
2024-04-04,Blood,Escherichia coli,ECOLI-R49,['aac(3)-IIa'],{'aac(3)-IIa': 235.3},ST23,94.02,35.8,Oxford Nanopore,Lowenstein-Jensen,TruSeq DNA,48
2024-11-28,CSF,Methicillin-Resistant Staphylococcus aureus,MRSA-R47,['blaZ'],{'blaZ': 147.56},ST29,91.86,37.7,Oxford Nanopore,7H9 broth,TruSeq DNA,45
2024-06-16,Lung Biopsy,Mycobacterium tuberculosis var. bovis AF2122/97,bTB-R1,['aac(2\\)-Ic'],{'aac(2\\)-Ic': 922.92},ST19,92.97,35.87,PacBio,Lowenstein-Jensen,Ligation Sequencing Kit,35
2024-08-29,CSF,Pseudomonas aeruginosa,PAE-59,['mexA'],{'mexA': 828.21},ST11,93.26,39.62,Oxford Nanopore,7H9 broth,TruSeq DNA,21
2024-05-16,Blood,Mycobacterium tuberculosis var. bovis AF2122/97,bTB-R1,['aac(2\\)-Ic'],{'aac(2\\)-Ic': 861.11},ST36,94.5,33.69,Oxford Nanopore,Middlebrook agar,Ligation Sequencing Kit,20
2024-08-21,CSF,Mycobacterium tuberculosis var. bovis AF2122/97,bTB-R1,['aac(2\\)-Ic'],{'aac(2\\)-Ic': 607.67},ST29,98.62,33.1,Illumina MiSeq,Lowenstein-Jensen,Nextera XT,22
2024-07-03,Sputum,Methicillin-Resistant Staphylococcus aureus,MRSA-R48,['blaZ'],{'blaZ': 649.84},ST32,92.44,33.29,Illumina MiSeq,Lowenstein-Jensen,Ligation Sequencing Kit,43
2024-10-29,Lung Biopsy,Escherichia coli,ECOLI-R50,['blaCTX-M'],{'blaCTX-M': 281.04},ST28,99.02,31.83,PacBio,Lowenstein-Jensen,TruSeq DNA,30
2024-04-10,Sputum,Mycobacterium tuberculosis var. bovis AF2122/97,bTB-R1,['aac(2\\)-Ic'],{'aac(2\\)-Ic': 36.45},ST50,94.46,32.53,Illumina MiSeq,Middlebrook agar,TruSeq DNA,31
2024-10-29,CSF,Mycobacterium tuberculosis var. bovis AF2122/97,bTB-R1,['aac(2\\)-Ic'],{'aac(2\\)-Ic': 469.6},ST39,91.14,39.17,Oxford Nanopore,7H9 broth,Nextera XT,26
2024-10-24,CSF,Mycobacterium tuberculosis var. bovis AF2122/97,bTB-R1,['aac(2\\)-Ic'],{'aac(2\\)-Ic': 744.03},ST20,90.18,31.01,Oxford Nanopore,7H9 broth,Nextera XT,44
2024-11-30,CSF,Escherichia coli,ECOLI-R51,['aac(3)-IIa'],{'aac(3)-IIa': 693.44},ST48,96.68,32.16,Illumina MiSeq,Middlebrook agar,Nextera XT,46
2024-08-12,Lung Biopsy,Mycobacterium tuberculosis var. bovis AF2122/97,bTB-R1,['aac(2\\)-Ic'],{'aac(2\\)-Ic': 683.16},ST14,94.17,39.89,Illumina MiSeq,7H9 broth,Nextera XT,18
2024-10-02,Lung Biopsy,Mycobacterium tuberculosis var. bovis AF2122/97,bTB-R1,['aac(2\\)-Ic'],{'aac(2\\)-Ic': 401.11},ST37,95.56,31.9,PacBio,7H9 broth,TruSeq DNA,28
2024-10-11,Blood,Klebsiella pneumoniae,KPN-39,"['blaKPC', 'blaOXA-48']","{'blaKPC': 886.61, 'blaOXA-48': 416.99}",ST41,90.12,32.13,Illumina MiSeq,Lowenstein-Jensen,Ligation Sequencing Kit,28
2024-10-29,Blood,Mycobacterium tuberculosis var. bovis AF2122/97,bTB-R1,['aac(2\\)-Ic'],{'aac(2\\)-Ic': 853.04},ST40,93.29,36.35,Oxford Nanopore,Middlebrook agar,Ligation Sequencing Kit,22
2024-06-27,CSF,Mycobacterium tuberculosis var. bovis AF2122/97,bTB-R1,['aac(2\\)-Ic'],{'aac(2\\)-Ic': 761.35},ST17,95.82,39.88,PacBio,Middlebrook agar,Nextera XT,34
2024-04-19,Lung Biopsy,Mycobacterium tuberculosis var. bovis AF2122/97,bTB-R1,['aac(2\\)-Ic'],{'aac(2\\)-Ic': 245.68},ST48,92.94,31.52,Illumina MiSeq,7H9 broth,TruSeq DNA,33
2024-07-28,Blood,Mycobacterium tuberculosis var. bovis AF2122/97,bTB-R1,['aac(2\\)-Ic'],{'aac(2\\)-Ic': 213.76},ST13,92.86,30.24,PacBio,Lowenstein-Jensen,Ligation Sequencing Kit,44
2024-09-29,Blood,Mycobacterium tuberculosis var. bovis AF2122/97,bTB-R1,['aac(2\\)-Ic'],{'aac(2\\)-Ic': 150.12},ST23,94.87,39.54,PacBio,7H9 broth,Nextera XT,45
2024-10-23,Lung Biopsy,Klebsiella pneumoniae,KPN-R40,"['blaOXA-48', 'blaKPC']","{'blaOXA-48': 968.05, 'blaKPC': 209.39}",ST40,93.08,37.22,Illumina MiSeq,Lowenstein-Jensen,Ligation Sequencing Kit,32
2024-07-02,Lung Biopsy,Mycobacterium tuberculosis var. bovis AF2122/97,bTB-R1,['aac(2\\)-Ic'],{'aac(2\\)-Ic': 387.61},ST15,94.29,31.56,Oxford Nanopore,Middlebrook agar,Ligation Sequencing Kit,41
2024-11-30,CSF,Mycobacterium tuberculosis var. bovis AF2122/97,bTB-R1,['aac(2\\)-Ic'],{'aac(2\\)-Ic': 203.76},ST22,96.0,30.72,Oxford Nanopore,Lowenstein-Jensen,TruSeq DNA,35
2024-04-23,Blood,Escherichia coli,ECOLI-R52,"['blaCTX-M', 'blaKPC']","{'blaCTX-M': 922.39, 'blaKPC': 390.98}",ST22,93.8,33.08,Oxford Nanopore,Lowenstein-Jensen,Ligation Sequencing Kit,29
2024-07-22,CSF,Klebsiella pneumoniae,KPN-R41,"['blaCTX-M', 'blaKPC']","{'blaCTX-M': 815.0, 'blaKPC': 634.64}",ST19,93.81,34.24,Oxford Nanopore,Middlebrook agar,Nextera XT,38
2024-03-12,Lung Biopsy,Mycobacterium tuberculosis var. bovis AF2122/97,bTB-R1,['aac(2\\)-Ic'],{'aac(2\\)-Ic': 590.3},ST15,97.63,36.44,PacBio,7H9 broth,Nextera XT,21
2024-10-08,CSF,Mycobacterium tuberculosis var. bovis AF2122/97,bTB-R1,['aac(2\\)-Ic'],{'aac(2\\)-Ic': 925.08},ST15,98.78,35.86,Oxford Nanopore,Middlebrook agar,Ligation Sequencing Kit,39
2024-07-08,Lung Biopsy,Mycobacterium tuberculosis var. bovis AF2122/97,bTB-R1,['aac(2\\)-Ic'],{'aac(2\\)-Ic': 423.66},ST36,98.08,30.02,PacBio,Lowenstein-Jensen,Nextera XT,23
2024-08-31,Blood,Mycobacterium tuberculosis var. bovis AF2122/97,bTB-R1,['aac(2\\)-Ic'],{'aac(2\\)-Ic': 193.78},ST13,94.98,31.1,Illumina MiSeq,7H9 broth,TruSeq DNA,23
2024-08-04,CSF,Mycobacterium tuberculosis var. bovis AF2122/97,bTB-R1,['aac(2\\)-Ic'],{'aac(2\\)-Ic': 348.73},ST47,90.79,30.86,PacBio,7H9 broth,Ligation Sequencing Kit,23
2024-03-11,Sputum,Mycobacterium tuberculosis var. bovis AF2122/97,bTB-R1,['aac(2\\)-Ic'],{'aac(2\\)-Ic': 17.19},ST48,97.81,30.42,Oxford Nanopore,7H9 broth,Ligation Sequencing Kit,36
2024-11-03,Blood,Mycobacterium tuberculosis var. bovis AF2122/97,bTB-R1,['aac(2\\)-Ic'],{'aac(2\\)-Ic': 668.43},ST34,93.4,33.15,Oxford Nanopore,Lowenstein-Jensen,Ligation Sequencing Kit,46
2024-05-28,Sputum,Mycobacterium tuberculosis var. bovis AF2122/97,bTB-R1,['aac(2\\)-Ic'],{'aac(2\\)-Ic': 535.32},ST25,98.79,31.39,PacBio,Lowenstein-Jensen,Ligation Sequencing Kit,44
2024-05-12,CSF,Mycobacterium tuberculosis var. bovis AF2122/97,bTB-R1,['aac(2\\)-Ic'],{'aac(2\\)-Ic': 241.22},ST41,96.27,38.73,Illumina MiSeq,Middlebrook agar,TruSeq DNA,18
2024-11-16,CSF,Mycobacterium tuberculosis var. bovis AF2122/97,bTB-R1,['aac(2\\)-Ic'],{'aac(2\\)-Ic': 787.01},ST42,96.01,37.12,Illumina MiSeq,Middlebrook agar,TruSeq DNA,27
